<author lang="en">
  <documents>
    <document><![CDATA[Hurry: 7 rarely-on #HASHTAG# Perricone MD ##HASHTAG# faves are 50 percent off— for a few more hours!… #URL#]]></document>
    <document><![CDATA[Tom# Ford is Launching a ##HASHTAG# Line That’s as Luxurious as His Makeup Products #URL# #URL#]]></document>
    <document><![CDATA[Venezuelan chef Grace Ramirez has the ##HASHTAG# secret to boosting your confidence #URL# #URL#]]></document>
    <document><![CDATA[You're #HASHTAG# cleaning everything else, why not your ##HASHTAG# regime too? #URL# #URL#]]></document>
    <document><![CDATA[The #HASHTAG# ##HASHTAG# #HASHTAG# is Moving From Cosmetic to a Vital #HASHTAG# Care Regime #URL# #URL#]]></document>
    <document><![CDATA[Let Lizzo's ##HASHTAG# Nightmare Be a Reminder to Wash Your Face at Night #URL# #URL#]]></document>
    <document><![CDATA[Walmart Enters #HASHTAG# #HASHTAG# With Private-Labeled ##HASHTAG# Line #URL# #URL#]]></document>
    <document><![CDATA[Codex #HASHTAG# Announces EWG VERIFIED™ and COSMOS ORGANIC Certification of BIA ##HASHTAG# Line… #URL#]]></document>
    <document><![CDATA[Why hyaluronic acid deserves a permanent spot in your ##HASHTAG# routine #URL# #URL#]]></document>
    <document><![CDATA[Drunk Elephant’s Founder Shares Expansion Details And Why The ##HASHTAG# Brand Is Not Simply ‘Clean’… #URL#]]></document>
    <document><![CDATA[Boston Startup Puts A New Spin On Silk, Replacing Petrochemicals In #HASHTAG# And ##HASHTAG# #URL# #URL#]]></document>
    <document><![CDATA[Tom# Ford Couldn’t Find a ##HASHTAG# Line He Liked, So He Made His Own #URL# #URL#]]></document>
    <document><![CDATA[This New #HASHTAG# Bar Wants to Help You Step Up Your Pre-#HASHTAG# ##HASHTAG# Routine #URL# #URL#]]></document>
    <document><![CDATA[Tom# Ford Launches ##HASHTAG# And It's As Luxurious As You'd Expect #URL# #URL#]]></document>
    <document><![CDATA[Baalm CEO And ‘Fresh Face’ Author Mandi Nyambi Wants To Change The Culture Of ##HASHTAG# #URL# #URL#]]></document>
    <document><![CDATA[Best new foundations with impressive shade ranges and extra ##HASHTAG# benefits #URL# #URL#]]></document>
    <document><![CDATA[#HASHTAG# admit they aren't making the best ##HASHTAG# choices #URL# #URL#]]></document>
    <document><![CDATA[Drunk Elephant’s Founder Shares Expansion Details And Why The Wildly Popular ##HASHTAG# Brand Is Not Simply ‘Clean’… #URL#]]></document>
    <document><![CDATA[After 10-Step Korean Regimes, Why Are People Opting For Minimalist ##HASHTAG#? #URL# #URL#]]></document>
    <document><![CDATA[#HASHTAG# Grants DefenAge ##HASHTAG# Master Patent For Proven Science That Generates New Young #HASHTAG#… #URL#]]></document>
    <document><![CDATA[Good Company: Tatcha’s Revolutionary Line of ##HASHTAG# Products #URL# #URL#]]></document>
    <document><![CDATA[Iconic Paula Abdul is Aesthetics Biomedical's Ambassador for SoME™ ##HASHTAG# Debut Campaign #URL# #URL#]]></document>
    <document><![CDATA[Millie Bobby Brown's New Vegan ##HASHTAG# Brand Is For the "Sophisticated #HASHTAG#" #URL# #URL#]]></document>
    <document><![CDATA[Why hyaluronic acid deserves a permanent spot in your ##HASHTAG# routine #URL# #URL#]]></document>
    <document><![CDATA[Iconic Paula Abdul is Aesthetics Biomedical's Ambassador for SoME ##HASHTAG# Debut Campaign #URL# #URL#]]></document>
    <document><![CDATA[12 ##HASHTAG# myths busted #URL# #URL#]]></document>
    <document><![CDATA[Here’s how to use #HASHTAG# C in your ##HASHTAG# routine to get the best results. #URL# #URL#]]></document>
    <document><![CDATA[How I became a ##HASHTAG# maven: Tiffany Masterson #URL# #URL#]]></document>
    <document><![CDATA[Drunk Elephant’s Founder Shares Expansion Details And Why The Wildly Popular ##HASHTAG# Brand Is Not Simply ‘Clean’… #URL#]]></document>
    <document><![CDATA[I Tried Walmart’s $10 ##HASHTAG# Kit and, You Know What, It Was Pretty Good #URL# #URL#]]></document>
    <document><![CDATA[New ##HASHTAG# brand comes to #HASHTAG# #URL# #URL#]]></document>
    <document><![CDATA[I Tried Walmart’s $10 ##HASHTAG# Kit and, You Know What, It Was Pretty Good #URL# #URL#]]></document>
    <document><![CDATA[My Mom Is 45 Years Older Than Me, and We Both Love This Affordable ##HASHTAG# Line #URL# #URL#]]></document>
    <document><![CDATA[11 K-#HASHTAG# Sheet Masks for Every ##HASHTAG# Issue You Can Think Of #URL# #URL#]]></document>
    <document><![CDATA[Tom# Ford Couldn’t Find a ##HASHTAG# Line He Liked, So He Made His Own #URL# #URL#]]></document>
    <document><![CDATA[Walmart Enters #HASHTAG# #HASHTAG# With Private-Labeled ##HASHTAG# Line #URL# #URL#]]></document>
    <document><![CDATA[Drunk Elephant’s Founder Shares Expansion Details And Why The Wildly Popular ##HASHTAG# Brand Is Not Simply ‘Clean’… #URL#]]></document>
    <document><![CDATA[This $6 Toner Works Just as Well as My #HASHTAG# ##HASHTAG# Products — and I'm Never Going Back… #URL#]]></document>
    <document><![CDATA[9 best ##HASHTAG# products for oily #HASHTAG# that minimise pores, hydrate and balance stressed complexions… #URL#]]></document>
    <document><![CDATA[Walmart Enters #HASHTAG# #HASHTAG# With Private-Labeled ##HASHTAG# Line #URL# #URL#]]></document>
    <document><![CDATA[11 K-#HASHTAG# Sheet Masks for Every ##HASHTAG# Issue You Can Think Of #URL# #URL#]]></document>
    <document><![CDATA[Seven Must Have Bridal ##HASHTAG# Products, According to Industry Experts #URL# #URL#]]></document>
    <document><![CDATA[These Are The ##HASHTAG# #HASHTAG# #HASHTAG# Are Getting For Perfect #HASHTAG# Without Surgery – Expert… #URL#]]></document>
    <document><![CDATA[5 ##HASHTAG# Products That'll Give You That Glow You Thought Only Existed on #HASHTAG# #URL# #URL#]]></document>
    <document><![CDATA[Save 20% on This Dr. Dennis Gross ##HASHTAG# Trio in the Dermstore Anniversary #HASHTAG# #URL# #URL#]]></document>
    <document><![CDATA[Venezuelan chef Grace Ramirez has the ##HASHTAG# secret to boosting your confidence #URL# #URL#]]></document>
    <document><![CDATA[Why hyaluronic acid deserves a permanent spot in your ##HASHTAG# routine #URL# #URL#]]></document>
    <document><![CDATA[Baalm CEO And ‘Fresh Face’ Author Mandi Nyambi Wants To Change The Culture Of ##HASHTAG# #URL# #URL#]]></document>
    <document><![CDATA[Angela Bassett’s #HASHTAG#, #HASHTAG#, and ##HASHTAG# Secrets That Make 61 Look Like 41 #URL# #URL#]]></document>
    <document><![CDATA[What You Need to Know About #HASHTAG# C in ##HASHTAG#—And Why It’s a Must for Every #HASHTAG# Type… #URL#]]></document>
    <document><![CDATA[Seven Must Have Bridal ##HASHTAG# Products, According to Industry Experts #URL# #URL#]]></document>
    <document><![CDATA[Let Lizzo's ##HASHTAG# Nightmare Be a Reminder to Wash Your Face at Night #URL# #URL#]]></document>
    <document><![CDATA[11 ##HASHTAG# Brands French #HASHTAG# Never Stray From #URL# #URL#]]></document>
    <document><![CDATA[11 ##HASHTAG# Brands French #HASHTAG# Never Stray From #URL# #URL#]]></document>
    <document><![CDATA[My Mum Is 45 Years Older Than Me, and We Both Love This Affordable ##HASHTAG# Line #URL# #URL#]]></document>
    <document><![CDATA[Good Company: Tatcha’s Revolutionary Line of ##HASHTAG# Products #URL# #URL#]]></document>
    <document><![CDATA[Jennifer #HASHTAG# Has Been Using the Same #HASHTAG# ##HASHTAG# Brand for 35 Years #URL# #URL#]]></document>
    <document><![CDATA[Lais Ribeiro sticks to ##HASHTAG# routine #URL# #URL#]]></document>
    <document><![CDATA[Jennifer #HASHTAG#'s trusty ##HASHTAG# routine #URL# #URL#]]></document>
    <document><![CDATA[RT #USER#: SEO ARTICLE CREATOR! Create UNIQUE articles about ANY topic in seconds! #URL# Top 3 Tips to Choosing a…]]></document>
    <document><![CDATA[7 Indie ##HASHTAG# Products From Dermstore’s Relaunch to Revamp Your Routine #URL# #URL#]]></document>
    <document><![CDATA[Lais Ribeiro sticks to ##HASHTAG# routine #URL# #URL#]]></document>
    <document><![CDATA[AI blends with #HASHTAG# products for personalized ##HASHTAG#, products like smarter toothbrush… #URL#]]></document>
    <document><![CDATA[The Runner’s Complete Guide to ##HASHTAG# #URL# #URL#]]></document>
    <document><![CDATA[Estee Lauder sees robust fiscal 2020 on booming ##HASHTAG# demand #URL# #URL#]]></document>
    <document><![CDATA[Tom# Ford Couldn’t Find a ##HASHTAG# Line He Liked, So He Made His Own #URL# #URL#]]></document>
    <document><![CDATA[11 K-#HASHTAG# Sheet Masks for Every ##HASHTAG# Issue You Can Think Of #URL# #URL#]]></document>
    <document><![CDATA[7 Indie ##HASHTAG# Products From Dermstore’s Relaunch to Revamp Your Routine #URL# #URL#]]></document>
    <document><![CDATA[RT #USER#: [SEO ARTICLE GENERATOR] Create UNIQUE articles on ANY topic in a click! #URL# * Save 88% off a lifet…]]></document>
    <document><![CDATA[High-end brands target Millennial moms with luxe #HASHTAG# ##HASHTAG# #URL# #URL#]]></document>
    <document><![CDATA[Must-Have Performance-Based ##HASHTAG# For The Aging Body #URL# #URL#]]></document>
    <document><![CDATA[Ways to fall back in love with H.E.R. ##HASHTAG# routine #URL# #URL#]]></document>
    <document><![CDATA[9 ##HASHTAG# products to help combat seasonal #HASHTAG# #URL# #URL#]]></document>
    <document><![CDATA[17 New ##HASHTAG# Drops for the Glowing Complexion You’ve Always Wanted #URL# #URL#]]></document>
    <document><![CDATA[Tom# Ford unveils new ##HASHTAG# line #URL# #URL#]]></document>
    <document><![CDATA[Estee Lauder sees robust fiscal 2020 on booming ##HASHTAG# demand #URL# #URL#]]></document>
    <document><![CDATA[6 Reasons Why Men Need To Use ##HASHTAG# Products Made With Clay #URL# #URL#]]></document>
    <document><![CDATA[Estee Lauder sees robust fiscal 2020 on booming ##HASHTAG# demand #URL# #URL#]]></document>
    <document><![CDATA[These are the best vegan ##HASHTAG# brands and products to look out for in 2019 #URL# #URL#]]></document>
    <document><![CDATA[Tom# Ford is Launching a ##HASHTAG# Line That’s as Luxurious as His Makeup Products #URL# #URL#]]></document>
    <document><![CDATA[11 ##HASHTAG# Brands French #HASHTAG# Never Stray From #URL# #URL#]]></document>
    <document><![CDATA[Codex #HASHTAG# Announces EWG VERIFIED™ and COSMOS ORGANIC Certification of BIA ##HASHTAG# Line… #URL#]]></document>
    <document><![CDATA[UPDATE 1-Estee Lauder sees robust fiscal 2020 on booming ##HASHTAG# demand #URL# #URL#]]></document>
    <document><![CDATA[The Best Under-$50 ##HASHTAG# Products for Perfect #HASHTAG# #URL# #URL#]]></document>
    <document><![CDATA[Tom# Ford Launches ##HASHTAG# And It's As Luxurious As You'd Expect #URL# #URL#]]></document>
    <document><![CDATA[RT #USER#: [ UNIQUE Article Generator ] Create SEO friendly content in just a click! #URL# *** 7 Things #HASHTAG# To…]]></document>
    <document><![CDATA[The next generation of ##HASHTAG# is here #URL# #URL#]]></document>
    <document><![CDATA[The 3 most common ##HASHTAG# blunders brides experience the night before their #HASHTAG# - and how to tackle them… #URL#]]></document>
    <document><![CDATA[Get Ready — BTS Is Launching a ##HASHTAG# Collection in the US #URL# #URL#]]></document>
    <document><![CDATA[#HASHTAG# and A-list ##HASHTAG# experts swear you should be using SPF 100 for the best #HASHTAG#… #URL#]]></document>
    <document><![CDATA[Walmart debuts low-cost clean-#HASHTAG# ##HASHTAG# #URL# #URL#]]></document>
    <document><![CDATA[Iconic Paula Abdul is Aesthetics Biomedical's Ambassador for SoME™ ##HASHTAG# Debut Campaign #URL# #URL#]]></document>
    <document><![CDATA[#HASHTAG# Grants DefenAge ##HASHTAG# Master Patent For Proven Science That Generates New Young #HASHTAG#… #URL#]]></document>
    <document><![CDATA[Avon’s New Anti-Pollution ##HASHTAG# Line Is the Secret to Anti-Aging — and Saving! #URL# #URL#]]></document>
    <document><![CDATA[The Best Under-$50 ##HASHTAG# Products for Perfect #HASHTAG# #URL# #URL#]]></document>
    <document><![CDATA[Let Lizzo's ##HASHTAG# Nightmare Be a Reminder to Wash Your Face at Night #URL# #URL#]]></document>
    <document><![CDATA[Powerful Ayurvedic ##HASHTAG# Tips For Monsoon #URL# #URL#]]></document>
    <document><![CDATA[The ##HASHTAG# must-haves for an Flawless #HASHTAG# - Royalry Essentials #URL# #URL#]]></document>
    <document><![CDATA[Zendaya, J. Lo, and Victoria #HASHTAG#'s Favorite ##HASHTAG# Picks Are All on #HASHTAG# #URL# #URL#]]></document>
    <document><![CDATA[The Only 4 ##HASHTAG# Products Men Need To Combat Pimples, Breakouts &amp; #HASHTAG# #URL# #URL#]]></document>
  </documents>
</author>
