<author lang="en">
  <documents>
    <document><![CDATA[Indiana boy, 4, dies after father's gun discharged as they play-wrestled - NBC News #URL#]]></document>
    <document><![CDATA[A teen stood up for a smaller student. Later the bully killed him, police say. - NBC News #URL#]]></document>
    <document><![CDATA[Apple delivers a new redesigned Maps for all users in the United States - Apple Newsroom #URL#]]></document>
    <document><![CDATA[Delta, American, United to suspend all China mainland flights as coronavirus crisis grows - USA TODAY #URL#]]></document>
    <document><![CDATA[The Los Angeles Chargers and quarterback Philip Rivers have mutually agreed that Rivers will enter free agency and… #URL#]]></document>
    <document><![CDATA[New trailers: Mulan, Spiral, The Jesus Rolls, and more - The Verge #URL#]]></document>
    <document><![CDATA[Sophie Turner pregnant, expecting first baby with Joe Jonas - Page Six #URL#]]></document>
    <document><![CDATA[POLITICO Playbook: NYT ed board was 'extremely torn' over endorsement - POLITICO #URL#]]></document>
    <document><![CDATA[Tesla slips as it announces a $2 billion stock offering just 15 days after Elon Musk said it wouldn't rai.. - Busin… #URL#]]></document>
    <document><![CDATA[Stock market news live: Stocks sink despite blowout January jobs data - Yahoo Finance #URL#]]></document>
    <document><![CDATA[Artifacts Shipped from Sri Lanka to Ripley's Believe It or Not! Raise Eyebrows - #URL# #URL#]]></document>
    <document><![CDATA[Health officials monitoring another possible case of coronavirus in Ohio - WLWT Cincinnati #URL#]]></document>
    <document><![CDATA[Arby's starts a turf war with McDonald's over fish sandwiches before Lent season - USA TODAY #URL#]]></document>
    <document><![CDATA[Appeals court rejects Democrats' emoluments suit against Trump - POLITICO #URL#]]></document>
    <document><![CDATA[TSA apologizes to Native American traveler after agent snaps braids, says ‘giddyup!’ during pat-down - The Washingt… #URL#]]></document>
    <document><![CDATA[WTF: Seth Rogen Helped Judd Apatow Rewrite 'Bad Boys II' - #URL# #URL#]]></document>
    <document><![CDATA[Caroline Flack Dead: Former 'Love Island' Host Dies at 40 - Hollywood Reporter #URL#]]></document>
    <document><![CDATA[Japanese woman now has coronavirus after husband contracted disease following recent Hawaii trip - Honolulu Star-Ad… #URL#]]></document>
    <document><![CDATA[Coronavirus is scary, but the flu is deadlier, more widespread - USA TODAY #URL#]]></document>
    <document><![CDATA[Man and child die after family camping accident in Australia - CNN #URL#]]></document>
    <document><![CDATA[British Airways smashes record for quickest subsonic flight from New York to London - CNN #URL#]]></document>
    <document><![CDATA[China's Huawei Charged With Racketeering - The Wall Street Journal #URL#]]></document>
    <document><![CDATA[Wuhan hospitals under pressure as coronavirus is 'getting stronger' - Guardian News #URL#]]></document>
    <document><![CDATA[Weinstein Trial: Key Witness Miriam Haleyi Testifies of Sexual Assault - Hollywood Reporter #URL#]]></document>
    <document><![CDATA[Beware of text messages claiming to be from FedEx - CNN #URL#]]></document>
    <document><![CDATA[Passengers on cruise ship docked near New York City will be assessed for coronavirus, CDC official says - CNN #URL#]]></document>
    <document><![CDATA[Behringer clones more well-known synths from Moog and Roland - Engadget #URL#]]></document>
    <document><![CDATA[Avalanche in Turkey kills rescuers who were searching for survivors of previous avalanche - CNN #URL#]]></document>
    <document><![CDATA[WeWork Parent to Name Real-Estate Veteran Sandeep Mathrani New CEO - The Wall Street Journal #URL#]]></document>
    <document><![CDATA[Kentucky Route Zero review: Act V was worth the wait - The Verge #URL#]]></document>
    <document><![CDATA[Schumer, Senate Dems react to the first day of impeachment in the Senate - Fox News #URL#]]></document>
    <document><![CDATA[Brawl erupts at Kansas-Kansas State basketball game - CBS This Morning #URL#]]></document>
    <document><![CDATA[Chinese ambassador on Cotton coronavirus comments: 'It's very harmful to stir up' unsubstantiated rumors]]></document>
    <document><![CDATA[People are hurt in a high-rise fire in Los Angeles, officials say. At least 1 person may have jumped - CNN #URL#]]></document>
    <document><![CDATA[Roku’s Smart Soundbar can now pair with its wireless speakers for surround sound - TechCrunch #URL#]]></document>
    <document><![CDATA[Man arrested after slapping teen Trump supporter during New Hampshire primary, police say - The Washington Post #URL#]]></document>
    <document><![CDATA[Sources - Raiders to pursue Tom Brady if QB becomes free agent - ESPN #URL#]]></document>
    <document><![CDATA[Windows 10's built-in search was down this morning (updated) - Engadget #URL#]]></document>
    <document><![CDATA[Actress Annabella Sciorra testifies in court that Harvey Weinstein raped her - CNN #URL#]]></document>
    <document><![CDATA[Antonio Brown's Trainer Faces Judge In Cuffs After Alleged Moving Driver Assault - TMZ #URL#]]></document>
    <document><![CDATA[China moves to limit short selling as virus looms over market reopening - Reuters #URL#]]></document>
    <document><![CDATA[Harvey Weinstein Not Testifying in NY Rape Trial - Hollywood Reporter #URL#]]></document>
    <document><![CDATA[Democratic candidates head to Iowa to campaign before resumption of impeachment trial Monday - CBS Evening News #URL#]]></document>
    <document><![CDATA[Pete Buttigieg 'won't take lectures on family values' from Rush Limbaugh - The Guardian #URL#]]></document>
    <document><![CDATA[These 2020 Grammy Performances Were So Heartfelt, They Made Everyone Emotional - Showbiz Cheat Sheet #URL#]]></document>
    <document><![CDATA[The 7 best turntables for your vinyl collection - The Verge #URL#]]></document>
    <document><![CDATA[US retail sales climb in December, and November sales were revised up - CNBC #URL#]]></document>
    <document><![CDATA[Rouhani: War with Iran would 'ruin' Trump's reelection chances]]></document>
    <document><![CDATA[Harvey Weinstein accuser describes 'golden shower' from movie mogul - Page Six #URL#]]></document>
    <document><![CDATA[Oldest known asteroid strike may have ended Snowball Earth - CNN #URL#]]></document>
    <document><![CDATA[Box Office: ‘Bad Boys for Life’ Towers Over ‘Dolittle,’ ‘1917’ - Variety #URL#]]></document>
    <document><![CDATA[80 soldiers killed by Iran-backed Houthi rebels in Yemen - CNN #URL#]]></document>
    <document><![CDATA[Enrique Iglesias and Anna Kournikova Quietly Welcome Baby No. 3 - E! NEWS #URL#]]></document>
    <document><![CDATA[Bad Boys For Life Scores $23.5 Million Friday Box Office Opening Win - #URL# #URL#]]></document>
    <document><![CDATA[Trump adds Ken Starr and Alan Dershowitz to impeachment defense team - CNN #URL#]]></document>
    <document><![CDATA[Huawei signs deal with TomTom for a Google Maps alternative - The Verge #URL#]]></document>
    <document><![CDATA[Authorities believe Fotis Dulos, Connecticut man accused of killing his wife, attempted suicide, two sources say -… #URL#]]></document>
    <document><![CDATA[White House violated the law by freezing Ukraine aid, GAO says - POLITICO #URL#]]></document>
    <document><![CDATA[Amazon joins the trillion-dollar club again after knockout earnings report - CNBC #URL#]]></document>
    <document><![CDATA[UFC Raleigh predictions - MMA Fighting #URL#]]></document>
    <document><![CDATA[Aaron Gordon and his new sneaker are ready for the NBA dunk contest - ESPN #URL#]]></document>
    <document><![CDATA[Antonio Brown released after posting $110K bond - ESPN #URL#]]></document>
    <document><![CDATA[President Donald Trump's budget reflects campaign priorities such as immigration, defense spending - USA TODAY #URL#]]></document>
    <document><![CDATA[Justice Dept. to reduce sentencing recommendation for Trump associate Roger Stone, official says, after president c… #URL#]]></document>
    <document><![CDATA[Baylor earns No. 1 overall seed in NCAA bracket preview - Yahoo Sports #URL#]]></document>
    <document><![CDATA[NBA trade deadline day rumors, latest news, updates: D'Angelo Russell to Wolves; Heat acquire Andre Iguodala -… #URL#]]></document>
    <document><![CDATA[Boeing's 777X, the world's largest twin-engine jet, takes off in maiden flight - CNBC #URL#]]></document>
    <document><![CDATA[Mexico's President May Raffle Off Official Plane — And Mexicans Find It Hilarious - NPR #URL#]]></document>
    <document><![CDATA[Second monarch butterfly sanctuary worker found dead in Mexico - The Guardian #URL#]]></document>
    <document><![CDATA[Jeff Bezos Announces Amazon Will Invest $1 Billion In India As Negative Sentiment Grows Towards The E-Commerce Reta… #URL#]]></document>
    <document><![CDATA[EU votes in favor of choosing a common charging cable standard - Engadget #URL#]]></document>
    <document><![CDATA[2020 NFL Mock Draft: Five quarterbacks taken in top 15, Seattle lands biggest steal of first round - CBS Sports #URL#]]></document>
    <document><![CDATA[U.S. to review petition seeking formal defect probe into 500,000 Tesla vehicles - Reuters #URL#]]></document>
    <document><![CDATA[2020 Farmers Insurance Open leaderboard: Live golf coverage, Tiger Woods score, highlights in Round 1 -… #URL#]]></document>
    <document><![CDATA[Scientists find evidence of 'ghost population' of ancient humans - The Guardian #URL#]]></document>
    <document><![CDATA[UFC 247 Free Fight: Dominick Reyes vs Jared Cannonier - UFC - Ultimate Fighting Championship #URL#]]></document>
    <document><![CDATA[The Fear of the Coronavirus, and the Reality of the Flu - MD Magazine #URL#]]></document>
    <document><![CDATA[Weinstein attorney Donna Rotunno dishes on 'celebrity victimhood' in #HASHTAG# era - Fox Business #URL#]]></document>
    <document><![CDATA['Empire' actor Jussie Smollett indicted in Chicago - ABC News #URL#]]></document>
    <document><![CDATA[Capitol Police investigate suspicious substance near Schiff's office - POLITICO #URL#]]></document>
    <document><![CDATA[Evidence links neighbor Coty Scott Taylor to death of Faye Marie Swetlik - New York Post #URL#]]></document>
    <document><![CDATA[Coronavirus outbreak: CDC provides update on ongoing response to virus]]></document>
    <document><![CDATA[In climate push, Microsoft to erase its carbon footprint from atmosphere - Reuters #URL#]]></document>
    <document><![CDATA[Hillary Clinton on Bernie Sanders: 'Nobody Likes Him' - The New York Times #URL#]]></document>
    <document><![CDATA[Apple Releases iOS and iPadOS 13.3.1 With Toggle for Turning Off U1 Chip in Latest iPhones - MacRumors #URL#]]></document>
    <document><![CDATA[This 7,000-year-old well is the oldest wooden structure ever discovered, archaeologists say - CNN #URL#]]></document>
    <document><![CDATA[China Will Cut Tariffs In Half On $75 Billion Of U.S. Products - NPR #URL#]]></document>
    <document><![CDATA[Tesla Model X is new official vehicle to transport NASA astronauts on SpaceX missions - Electrek #URL#]]></document>
    <document><![CDATA[DNC chairman says he won't step down after chaotic Iowa caucuses but expects review of state's first-in-nation stat… #URL#]]></document>
    <document><![CDATA[Coronavirus will ‘shake markets out of their buy-the-dip’ mentality, says El-Erian - MarketWatch #URL#]]></document>
    <document><![CDATA[Hong Kong protesters firebomb proposed quarantine building amid coronavirus outbreak: reports - Fox News #URL#]]></document>
    <document><![CDATA[Bloomberg Plans to Double Ad Spending After Iowa Caucus Problem - The New York Times #URL#]]></document>
    <document><![CDATA[Fourth-quarter GDP rose only 2.1% and full-year 2019 posts slowest growth in three years at 2.3% - CNBC #URL#]]></document>
    <document><![CDATA[Google is backtracking on its controversial desktop search results redesign - The Verge #URL#]]></document>
    <document><![CDATA[Justice Department drops McCabe criminal investigation - CNN #URL#]]></document>
    <document><![CDATA[Taylor Swift reveals mother's brain tumor diagnosis - CNN #URL#]]></document>
    <document><![CDATA[Delta Air Lines sued by California teachers over fuel dump - BBC News #URL#]]></document>
    <document><![CDATA['Disappointed' president Steve Mills out in Knicks shake-up - ESPN #URL#]]></document>
    <document><![CDATA[Soleimani killing: Trump team now says imminent threat doesn't matter - USA TODAY #URL#]]></document>
    <document><![CDATA[1 employee unaccounted for following massive explosion, chief says - KPRC Click2Houston #URL#]]></document>
  </documents>
</author>
