<author lang="en">
  <documents>
    <document><![CDATA[Spider-Man Far From Home trailer DELAYED again: Will it arrive with THIS movie? #URL# #URL#]]></document>
    <document><![CDATA[Russia ship CRASHES: Huge 16,000 ton Russian cargo ship runs aground in Cornwall #URL# #URL#]]></document>
    <document><![CDATA[‘Juncker you’re losing your money!’ Wetherspoons boss has no deal Brexit warning for EU #URL# #URL#]]></document>
    <document><![CDATA[Spider-Man Into the Spider-Verse streaming: How to watch movie online? Is it legal? #URL# #URL#]]></document>
    <document><![CDATA[Spider-Man Far From Home trailer DELAYED again: Will it arrive with THIS movie? #URL# #URL#]]></document>
    <document><![CDATA[Serena Williams’ experience returning from pregnancy inspired tennis rule changes #URL# #URL#]]></document>
    <document><![CDATA[Mayweather opponent looks for real fight not entertainment #URL# #URL#]]></document>
    <document><![CDATA[Egyptian CURSE? Six archaeologists DIE mysteriously within MONTHS of opening sarcophagus #URL# #URL#]]></document>
    <document><![CDATA[James Bond: THIS actor now has VERY good odds of replacing Daniel Craig #URL# #URL#]]></document>
    <document><![CDATA[Kate Middleton and Prince William first spotted as a couple during a certain holiday #URL# #URL#]]></document>
    <document><![CDATA[Egyptian CURSE? Six archaeologists DIE mysteriously within MONTHS of opening sarcophagus #URL# #URL#]]></document>
    <document><![CDATA[MACRON PROTESTS: Now POLICE to join REVOLT – France braced for ‘Black Wednesday’ #URL# #URL#]]></document>
    <document><![CDATA[Christmas Number One 2018: Bookies SLASH odds on LadBaby causing big upset in chart race #URL# #URL#]]></document>
    <document><![CDATA[World champion Shawn Porter, ex-champion Abner Mares to be featured on Fox’s ‘Inside PBC Boxing’ series… #URL#]]></document>
    <document><![CDATA[Fortnite update 7.10 LEAKED SKINS: Tinseltoes, Cloaked Shadow skins for Battle Royale #URL# #URL#]]></document>
    <document><![CDATA[Flights: Passengers MUST to do this at airport security this winter airports have warned #URL# #URL#]]></document>
    <document><![CDATA[PUBG Mobile Vikendi map release date NEWS and 0.10.0 update download #URL# #URL#]]></document>
    <document><![CDATA[US stock market NOSEDIVING toward WORST December since GREAT DEPRESSION #URL# #URL#]]></document>
    <document><![CDATA[The Wizards’ roster turnover should help with … turnovers #URL# #URL#]]></document>
    <document><![CDATA[Fortnite update 7.10 patch notes REVEALED: 14 days of Fortnite LTM, start date and time #URL# #URL#]]></document>
    <document><![CDATA[Fortnite Season 7: New shop items TODAY – Winter and Christmas skins revealed #URL# #URL#]]></document>
    <document><![CDATA[The many hypocrisies of Dolan’s ESPN interview #URL# #URL#]]></document>
    <document><![CDATA[India rupee and Turkey lira BOOSTED against US dollar as oil prices TUMBLE #URL# #URL#]]></document>
    <document><![CDATA[Japan’s ‘Ninja Boy’ aims to take down Mayweather #URL# #URL#]]></document>
    <document><![CDATA[James Bond: THIS actor now has VERY good odds of replacing Daniel Craig #URL# #URL#]]></document>
    <document><![CDATA[BREXIT ULTIMATUM: Theresa May to offer these THREE options – and REFERENDUM is an option #URL# #URL#]]></document>
    <document><![CDATA[Jose Mourinho SACKED by Man Utd as Ed Woodward wields axe after late night phone call #URL# #URL#]]></document>
    <document><![CDATA[Scotland MAJOR EMERGENCY: Lorries overturn on ferry at Cairnryan in atrocious weather #URL# #URL#]]></document>
    <document><![CDATA[Aquaman deleted scenes: Gruesome cut moment had ‘clouds of BLOOD’, director reveals #URL# #URL#]]></document>
    <document><![CDATA[Spider-Man Into the Spider-Verse streaming: How to watch movie online? Is it legal? #URL# #URL#]]></document>
    <document><![CDATA[Tuesday December 18’s horoscope: Today’s star sign reading, zodiac and astrology forecast #URL# #URL#]]></document>
    <document><![CDATA[Fortnite season 7.10 update: What to expect in the Fortnite update today #URL# #URL#]]></document>
    <document><![CDATA[EU CRISIS: Belgium PM faces CONFIDENCE VOTE as parliamentary majority COLLAPSES #URL# #URL#]]></document>
    <document><![CDATA[‘No-one wants to move to Paris or Frankfurt!’ London WILL THRIVE after Brexit – new report #URL# #URL#]]></document>
    <document><![CDATA[Davis Love III, Dru Love fire 56 to storm to record Father/Son win #URL# #URL#]]></document>
    <document><![CDATA[MOROCCO HORROR: Female tourists trekking found DECAPITATED #URL# #URL#]]></document>
    <document><![CDATA[Black Ops 4 update TODAY: Xbox One Operation Zero release time, Call of Duty PS4 patch #URL# #URL#]]></document>
    <document><![CDATA[Pound US dollar exchange rate: GBP rocked by stock market volatility and Xi comments #URL# #URL#]]></document>
    <document><![CDATA[MACRON PROTESTS: Now POLICE to join REVOLT – France braced for ‘Black Wednesday’ #URL# #URL#]]></document>
    <document><![CDATA[Pokemon Go Christmas Event: What time will Niantic release Pokemon bonuses today? #URL# #URL#]]></document>
    <document><![CDATA[High blood pressure – do you hear this noise in your ears? Hidden signs of hypertension #URL# #URL#]]></document>
    <document><![CDATA[Black Ops 4 update TODAY: Xbox One Operation Zero release time, Call of Duty PS4 patch #URL# #URL#]]></document>
    <document><![CDATA[Bubble and squeak recipe: Best way to make the popular Christmas dish #URL# #URL#]]></document>
    <document><![CDATA[WATCH: Woman is left TERRIFIED by dinosaur in funny viral video #URL# #URL#]]></document>
    <document><![CDATA[Joshua’s lack of passion for superfight is telling #URL# #URL#]]></document>
    <document><![CDATA[Pokemon Go Christmas Event: What time will Niantic release Pokemon bonuses today? #URL# #URL#]]></document>
    <document><![CDATA[Fortnite Save The World DOWN: Server status latest as Epic Games DISABLES StW #URL# #URL#]]></document>
    <document><![CDATA[Fortnite UPDATE: Season 7 map changes, new Grimy Greens POI added to Battle Royale #URL# #URL#]]></document>
    <document><![CDATA[Diabetes type 2 – the amount of tea you should drink every day to prevent high blood sugar #URL# #URL#]]></document>
    <document><![CDATA[Loves set scoring records to win Father-Son Challenge #URL# #URL#]]></document>
    <document><![CDATA[EU MISTAKE: Brexiteer reveals how Brussels will REGRET overplaying their hand #URL# #URL#]]></document>
    <document><![CDATA[Leicester City vs Man City LIVE STREAM: How to watch Carabao Cup quarter-final online #URL# #URL#]]></document>
    <document><![CDATA[Loves set scoring records to win Father-Son Challenge #URL# #URL#]]></document>
    <document><![CDATA[MH370 PROOF? Malaysia Airlines plane ‘HIJACKED’ for Chinese organs – SHOCKING claim #URL# #URL#]]></document>
    <document><![CDATA[Pound euro exchange rate: GBP steady as German business confidence drops to two-year low #URL# #URL#]]></document>
    <document><![CDATA[Black Ops 4 update TODAY: Xbox One Operation Zero release time, Call of Duty PS4 patch #URL# #URL#]]></document>
    <document><![CDATA[Meghan Markle blooming baby bump on full display as Duchess wears outfit worth £5,035 #URL# #URL#]]></document>
    <document><![CDATA[WATCH: Passenger shocked after spotting woman and her partner doing this during flight #URL# #URL#]]></document>
    <document><![CDATA[Stock market PANIC: Global stocks in the RED as fears over growth slowdown intensify #URL# #URL#]]></document>
    <document><![CDATA[Stomach bloating – the trick you should do EVERY time you eat to avoid trapped wind pain #URL# #URL#]]></document>
    <document><![CDATA[Home Alone: Macaulay Culkin reenacts booby trap montage from classic Christmas movie WATCH #URL# #URL#]]></document>
    <document><![CDATA[Paul McCartney, Ringo Starr and Ron Wood form new supergroup #URL# #URL#]]></document>
    <document><![CDATA[Royal SPLIT: Awkward moment Prince William asked about Kate break-up had Harry in STITCHES #URL# #URL#]]></document>
    <document><![CDATA[Yellow vest CHAOS: France protestors BLOCK MOTORWAYS as Macron scrambles for control #URL# #URL#]]></document>
    <document><![CDATA[Cancer warning – the 20p vegetable you should eat every day to avoid cancer signs #URL# #URL#]]></document>
    <document><![CDATA[Aquaman deleted scenes: Gruesome cut moment had ‘clouds of BLOOD’, director reveals #URL# #URL#]]></document>
    <document><![CDATA[EU’s ‘OUT OF TOUCH’: Trump’s man savages Brussels for ’stifling growth by over-regulation’ #URL# #URL#]]></document>
    <document><![CDATA[Germany in PANIC: Business morale TUMBLES in latest blow for German economy #URL# #URL#]]></document>
    <document><![CDATA[Tiger 2018: Most emotional golf year ever #URL# #URL#]]></document>
    <document><![CDATA[Meghan Markle in ‘CRISIS TALKS’ after Thomas Markle calls on Queen to intervene in row #URL# #URL#]]></document>
    <document><![CDATA[How to get rid of visceral fat: Nine foods that can help reduce the ‘dangerous’ belly fat #URL# #URL#]]></document>
    <document><![CDATA[Google Maps Street View: Something VERY strange has happened to this woman in bizarre shot #URL# #URL#]]></document>
    <document><![CDATA[MACRON PROTESTS: Now POLICE to join REVOLT – France braced for ‘Black Wednesday’ #URL# #URL#]]></document>
    <document><![CDATA[‘EUROPE’S SICK MAN!’ EU on verge of civil war as Poland RAGES at Macron’s French disaster #URL# #URL#]]></document>
    <document><![CDATA[Iain Duncan Smith launches SCATHING attack on ‘worried’ Verhofstadt – ‘NOT crowing today’ #URL# #URL#]]></document>
    <document><![CDATA[Fortnite update 7.10 patch notes REVEALED: 14 days of Fortnite LTM, start date and time #URL# #URL#]]></document>
    <document><![CDATA[Home Alone: Macaulay Culkin reenacts booby trap montage from classic Christmas movie WATCH #URL# #URL#]]></document>
    <document><![CDATA[Avengers Endgame sequel: ‘Future MCU movie has scenes set in First World War’ #URL# #URL#]]></document>
    <document><![CDATA[Avengers Endgame sequel: ‘Future MCU movie has scenes set in First World War’ #URL# #URL#]]></document>
    <document><![CDATA[‘EUROPE’S SICK MAN!’ EU on verge of civil war as Poland RAGES at Macron’s French disaster #URL# #URL#]]></document>
    <document><![CDATA[Bitcoin analysis: BTC remains on very thin ice despite SOARING to almost $3,500 #URL# #URL#]]></document>
    <document><![CDATA[Christmas movies: NEW poll reveals UK’s favourite BUT you won’t BELIEVE the nation’s worst #URL# #URL#]]></document>
    <document><![CDATA[Paul McCartney, Ringo Starr and Ron Wood form new supergroup #URL# #URL#]]></document>
    <document><![CDATA[How to get rid of visceral fat: Nine foods that can help reduce the ‘dangerous’ belly fat #URL# #URL#]]></document>
    <document><![CDATA[Pound LIVE: GBP Sterling HIGHER against euro and US dollar as Brexit preparations ramp up #URL# #URL#]]></document>
    <document><![CDATA[GET YOUR ACT TOGETHER May! Unless UK leaves EU in March, Britain will elect NEW MEPs #URL# #URL#]]></document>
    <document><![CDATA[Christmas movies: NEW poll reveals UK’s favourite BUT you won’t BELIEVE the nation’s worst #URL# #URL#]]></document>
    <document><![CDATA[Pound to euro exchange rate: Brexit continues to propel sterling as GBP steadies #URL# #URL#]]></document>
    <document><![CDATA[Avengers Infinity War theory: Is THIS the real reason the Avengers lost? It’s HILARIOUS #URL# #URL#]]></document>
    <document><![CDATA[Viktor Orbán protest SHUT DOWN: Moment stubborn MP forcibly DRAGGED down stairs – VIDEO #URL# #URL#]]></document>
    <document><![CDATA[WTA: Rule changes on ranking after pregnancy, leggings #URL# #URL#]]></document>
    <document><![CDATA[Egyptian CURSE? Six archaeologists DIE mysteriously within MONTHS of opening sarcophagus #URL# #URL#]]></document>
    <document><![CDATA[Spider-Man Into the Spider-Verse: Will there be an Into the Spider-Verse 2? #URL# #URL#]]></document>
    <document><![CDATA[‘Look at BRITAIN!’ Dutch leader says don’t rebel or you will end up in Brexit ‘CHAOS’ #URL# #URL#]]></document>
    <document><![CDATA[Macron’s CRISIS: Popularity hits record low despite desperate efforts to defuse revolt #URL# #URL#]]></document>
    <document><![CDATA[James Bond: THIS actor now has VERY good odds of replacing Daniel Craig #URL# #URL#]]></document>
    <document><![CDATA[Game of Thrones: George RR Martin promises ‘I will FINISH A Song of Ice and Fire books’ #URL# #URL#]]></document>
    <document><![CDATA[Steady on! Juncker’s struggle to climb stairs renews speculation about drinking #URL# #URL#]]></document>
    <document><![CDATA[Vitamin B12 deficiency – how many eggs should you eat every day to avoid symptoms? #URL# #URL#]]></document>
    <document><![CDATA[Icardi and Inter ‘very far’ apart in contract negotiations #URL#]]></document>
  </documents>
</author>
