<author lang="en">
  <documents>
    <document><![CDATA[Pelosi: Cant Attend NFL Playoff Game Because I Have Responsibility To "Save Our Country From Peril"  #URL#]]></document>
    <document><![CDATA[Trump told brazen lies about Social Security during his SOTU address #URL#]]></document>
    <document><![CDATA[Swalwell calls out Trump after video of president during national anthem #URL#]]></document>
    <document><![CDATA[Results from Iowa caucuses delayed because of 'inconsistencies' – Caucus updates #URL# via #USER#]]></document>
    <document><![CDATA[State of the Union: President Trump stretched and distorted facts about economy, jobs #URL# via #USER#]]></document>
    <document><![CDATA[State of the Union fact check: What's true and what's false in Trump's address #URL# via #USER#]]></document>
    <document><![CDATA[Conservative demolishes Republicans over impeachment debacle: ‘I hope democracy survives — and the GOP does not’ #URL#]]></document>
    <document><![CDATA[What Did — And Didn’t — Go Down In The Iowa Caucuses #URL#]]></document>
    <document><![CDATA[‘Vengeance is coming’: Rick Wilson warns the SOTU will be a ‘seething mass of horrors’ once Trump is acquitted #URL#]]></document>
    <document><![CDATA[Lindsey Graham faces revolt from GOP lawmakers over plan to investigate whistleblower: WaPo reporter #URL#]]></document>
    <document><![CDATA[WATCH: Dershowitz says charges against Trump aren't impeachable. Many legal experts disagree #URL#]]></document>
    <document><![CDATA[The #HASHTAG# Attacks Are No Help to Bernie Sanders Either #URL# via #USER#]]></document>
    <document><![CDATA[Caucus 101: Learn about the Nevada caucus #URL#]]></document>
    <document><![CDATA[Trump says Dems don’t care about red states — but he can’t remember which red state is home to a major city: op-ed #URL#]]></document>
    <document><![CDATA[Here's everything you need to know about Nevada’s upcoming presidential caucus #URL# via #USER#]]></document>
    <document><![CDATA[Susan Collins’ Campaign Is Being Helped by a Mysterious Hawaii Company #URL# via #USER#]]></document>
    <document><![CDATA[Ken Starr Mentions DeflateGate During Donald Trump Impeachment Trial Closing Argument #URL#]]></document>
    <document><![CDATA[Chris Matthews expresses worries: Democrats 'need to find' candidate who can beat Trump #URL#]]></document>
    <document><![CDATA[John Bolton refused to give a statement under oath during impeachment trial: Adam Schiff #URL#]]></document>
    <document><![CDATA[WATCH: Trump fan melts down after seeing sign calling president a ‘sexual predator’ #URL#]]></document>
    <document><![CDATA[Fox News Host Grills Mayor Pete: How Can You Call Trump Racist After Super Bowl Ad? #URL# via #USER#]]></document>
    <document><![CDATA[‘Vapid propaganda’: Fox Sports faces fan backlash after Sean Hannity segment ‘ruins’ Super Bowl #URL#]]></document>
    <document><![CDATA[Fact-checking statements by #USER# in Wildwood, NJ, that needed a fact-check #URL# via #USER#]]></document>
    <document><![CDATA[Just a fraction of voters want to block witnesses in Trump's impeachment trial — but Republicans are likely to bloc… #URL#]]></document>
    <document><![CDATA[Trump's acquittal in impeachment 'trial' is a glimpse of America's imploding empire #URL#]]></document>
    <document><![CDATA[AP FACT CHECK: Trump's claims in his State of Union address #URL#]]></document>
    <document><![CDATA[CDC Tests Three Patients in NYC for Coronavirus: Health Officials #URL#]]></document>
    <document><![CDATA[The Final Day To Qualify for $10K! #URL#]]></document>
    <document><![CDATA[Our Final Forecast For The Iowa Caucuses #URL#]]></document>
    <document><![CDATA[Donald Trump Jr. calls for Mitt Romney to be expelled from GOP after senator votes to convict President Trump #URL#]]></document>
    <document><![CDATA[Big Bad Socialism? America already has wildly popular ‘socialist’ programs — and even Trump-worshiping right winger… #URL#]]></document>
    <document><![CDATA[Trump nears acquittal as spotlight shines on undecideds #URL#]]></document>
    <document><![CDATA[Buttigieg proved that he can put together a coalition that reaches beyond the left. #URL# via #USER#]]></document>
    <document><![CDATA[Undocumented immigrants pay millions of dollars in state taxes — even in the reddest states #URL# via #USER#]]></document>
    <document><![CDATA[Trump impeachment: Fears that Senate acquittal will give presidents far more power #URL#]]></document>
    <document><![CDATA[The Beat With Ari... #URL# via #USER#]]></document>
    <document><![CDATA[Senator who voted down evidence leaves Chuck Todd speechless by recommending everyone read Bolton’s book #URL#]]></document>
    <document><![CDATA[The View’s Whoopi Goldberg challenges Meghan McCain to explain why Rush Limbaugh deserves Medal of Freedom #URL#]]></document>
    <document><![CDATA[Sanders campaign blasts DNC debate rules change as an attempt to let Bloomberg ‘buy his way onto the stage’ #URL#]]></document>
    <document><![CDATA[Iowa crowd goes wild as MSNBC’s Mika denounces Joni Ernst as a ‘useful idiot’ #URL#]]></document>
    <document><![CDATA[Romney’s Vote is More Than Symbolic #URL# via #USER#]]></document>
    <document><![CDATA[Big Bad Socialism? America already has wildly popular ‘socialist’ programs — and even Trump-worshiping right winger… #URL#]]></document>
    <document><![CDATA[WHIP COUNT: Here are the senators who voted for and against convicting Trump in his impeachment trial… #URL#]]></document>
    <document><![CDATA[This is why Senator Lamar Alexander sacrificed his legacy for Donald Trump #URL#]]></document>
    <document><![CDATA[Rush Limbaugh reveals that he's fighting advanced lung cancer #URL# via #USER#]]></document>
    <document><![CDATA[Iowa Democratic Party reveals reason for lack of caucus results: ‘We have experienced a delay’ #URL#]]></document>
    <document><![CDATA[Iowa Momentum Shifts in Final Frantic Hours #URL# via #USER#]]></document>
    <document><![CDATA[Bernie Sanders goes on the attack, reviving memories of 2016 #URL# via #USER#]]></document>
    <document><![CDATA[Republican Joni Ernst pledges to impeach Joe Biden if he’s elected #URL#]]></document>
    <document><![CDATA[Trump Nightmare: Rebelling Ex-Aides Testify At Trial]]></document>
    <document><![CDATA[Watch live: Senate impeachment trial of President Trump #URL# via #USER#]]></document>
    <document><![CDATA[Senate votes down motion to consider witnesses in Trump impeachment trial #URL#]]></document>
    <document><![CDATA[Republican Senators Laugh Off Trump Jr.’s Cry To Boot Romney From The Party #URL# via #USER#]]></document>
    <document><![CDATA[Iowa Caucuses on the First Day of What’s Poised to be The Ugliest Democratic Primary Fight Ever #URL# via #USER#]]></document>
    <document><![CDATA[Conservative demolishes Republicans over impeachment debacle: ‘I hope democracy survives — and the GOP does not’ #URL#]]></document>
    <document><![CDATA[The Iowa caucus wasn't 'rigged' by an app. Democracy is just a bit undemocratic. #URL# via #USER#]]></document>
    <document><![CDATA[Who Will Win the Super Bowl Ad Battle Between Trump and Bloomberg? #URL# via #USER#]]></document>
    <document><![CDATA[LIVE: Iowa Caucus in the 2020 Democratic Primary - ABC News Live #URL# via #USER#]]></document>
    <document><![CDATA[Watch: Fox &amp; Friends defends Trump wrongly claiming Super Bowl champs ‘represented the great state of Kansas’ #URL#]]></document>
    <document><![CDATA[Nancy Pelosi explains why she ripped up Trump’s speech after State of the Union address #URL#]]></document>
    <document><![CDATA[Conservative lays into senators for suggesting Trump learned his lesson: He has done ‘literally nothing’ to suggest… #URL#]]></document>
    <document><![CDATA[McConnell's tactics could win the impeachment trial but lose him the Senate #URL# via #USER#]]></document>
    <document><![CDATA[New Evidence Shows Pressure Campaign Started Earlier With Prior Ukraine Prez #URL# via #USER#]]></document>
    <document><![CDATA[Rush Limbaugh says he has advanced lung cancer #URL#]]></document>
    <document><![CDATA[Internet buries GOP lobbyist Matt Schlapp for insisting Trump was right about the Kansas City Chiefs #URL#]]></document>
    <document><![CDATA[‘It’s not over’: Washington Post editorial board calls on Congress to redouble oversight of Trump #URL#]]></document>
    <document><![CDATA[“HELP!!!” Internal #HASHTAG# Emails Show Government Officials Panicked Over Trump’s “Doctored” Hurricane Map… #URL#]]></document>
    <document><![CDATA[Block placed on email details about Trump hold on Ukraine aid: report #URL#]]></document>
    <document><![CDATA[Trump lies about deadly coronavirus in Super Bowl interview: ‘We’ve pretty much shut it down’ #URL#]]></document>
    <document><![CDATA[New study suggests Donald Trump’s ‘fake news’ attacks are backfiring #URL#]]></document>
    <document><![CDATA[Senate Acquits Trump Leaving The Presidency Unbound And Unaccountable #URL# via #USER#]]></document>
    <document><![CDATA[Leonard Pitts: Hillary Clinton was right about those ‘deplorables’, via #USER# #URL#]]></document>
    <document><![CDATA[Nadler: We’ll ‘likely’ subpoena John Bolton even after the Senate votes to cover up Trump’s actions #URL#]]></document>
    <document><![CDATA[Iowa Senator Joni Ernst says Republicans could immediately push to impeach Joe Biden over his work in Ukraine as vi… #URL#]]></document>
    <document><![CDATA[Trump shares then deletes tweet praising Chiefs for representing 'Great State of Kansas' #URL#]]></document>
    <document><![CDATA[Hours before Super Bowl, Bloomberg slams ‘pathological’ Trump for lying about obesity and ‘spray-on tan’ #URL#]]></document>
    <document><![CDATA[Trump wins Iowa GOP caucuses #URL#]]></document>
    <document><![CDATA[Republicans want to either rule America — or destroy it for everyone else: columnist #URL#]]></document>
    <document><![CDATA[Trump impeachment trial live updates: Closing arguments ahead of acquittal vote  - ABC News - #URL# via #USER#]]></document>
    <document><![CDATA[Watch: Fox &amp; Friends defends Trump wrongly claiming Super Bowl champs ‘represented the great state of Kansas’ #URL#]]></document>
    <document><![CDATA[‘Today the Republican Party has died’: Former GOP candidate burns party to the ground in scathing op-ed #URL#]]></document>
    <document><![CDATA[WATCH LIVE: Trump’s impeachment trial resumes as both sides begin closing arguments #URL#]]></document>
    <document><![CDATA[Trump reignites claim Mexico will be paying for his border wall: "Soon you will find out" #URL#]]></document>
    <document><![CDATA[Here are 20 of the most racist things Rush Limbaugh has ever said #URL#]]></document>
    <document><![CDATA[‘Move for a mistrial’: Legal analyst says Adam Schiff must end Senate trial before GOP acquits Trump #URL#]]></document>
    <document><![CDATA[3 winners and 3 losers from the impeachment and acquittal of Donald Trump  #URL# via #USER#]]></document>
    <document><![CDATA[The View’s Whoopi Goldberg challenges Meghan McCain to explain why Rush Limbaugh deserves Medal of Freedom #URL#]]></document>
    <document><![CDATA[Bernie Bros mobs never went away after 2016 — just ask their victims #URL# via #USER#]]></document>
    <document><![CDATA[Mitt Romney will vote to convict Donald Trump for abuse of power. “This has been the most difficult decision I have… #URL#]]></document>
    <document><![CDATA[Biden says he will compete 'every step of the way' regardless of Iowa results #URL#]]></document>
    <document><![CDATA[Trump congratulates Chiefs on Super Bowl win, praises Kansas, not Missouri #URL# via #USER#]]></document>
    <document><![CDATA[Dershowitz: 'Any citizen' would find Ukraine quid pro quo 'troubling if it were proved' #URL#]]></document>
    <document><![CDATA[‘Triggered much?’ Donald Trump Jr. torn apart for pushing bogus claim that Pelosi can be jailed for ripping SOTU sp… #URL#]]></document>
    <document><![CDATA[Here’s a roadmap for fixing the broken impeachment process: conservative columnist #URL#]]></document>
    <document><![CDATA[Shakira &amp; J. Lo's FULL Pepsi Super Bowl LIV Halftime Show #URL# via #USER#]]></document>
    <document><![CDATA[Joe Biden and Bernie Sanders are taking opposite paths to 2020 financial dominance in Pennsylvania #URL#]]></document>
    <document><![CDATA[Trump Jr. says Romney 'should be expelled' from the GOP #URL#]]></document>
    <document><![CDATA[Hannity Was Set To Play Early Role In Response To Impeachment Inquiry #URL# via #USER#]]></document>
    <document><![CDATA[Rashida Tlaib walks back boos aimed at Hillary Clinton at event for Sanders' campaign - ABC News - #URL# via #USER#]]></document>
    <document><![CDATA[The Trump Administration Just Declared Coronavirus A Public Health Emergency In The US #URL# via #USER#]]></document>
  </documents>
</author>
