<author lang="en">
  <documents>
    <document><![CDATA[Camila Mendes Was Seen Out with Charles Melton in Los Angeles  #URL# #URL#]]></document>
    <document><![CDATA[Gigi Hadid in a Black Sweatshirt Arrives to an Office Building in NYC  #URL# #URL#]]></document>
    <document><![CDATA[Karrueche Tran in a Black Pants Leaves E Baldi Restaurant in Beverly Hills  #URL#]]></document>
    <document><![CDATA[Ashley Greene in a Black Dress Was Seen Out with Paul Khoury in Beverly Hills  #URL# #URL#]]></document>
    <document><![CDATA[Courtney Eaton Attends the Maiden Premiere in LA  #URL#]]></document>
    <document><![CDATA[Iggy Azalea in a Black Cap Was Seen Out with Her Puppy in Miami  #URL# #URL#]]></document>
    <document><![CDATA[Kate Middleton in a White Dress Attends First Annual Gala Dinner in Recognition of Addiction Awareness Week in Lond… #URL#]]></document>
    <document><![CDATA[Imogen Thomas Attends  Butterfly Ball at Grosvenor House Hotel in London  #URL# #URL#]]></document>
    <document><![CDATA[Olivia Cooke in a Black Leggings Was Seen Out in New York  #URL# #URL#]]></document>
    <document><![CDATA[Jennifer Morrison Attends Women in Film Max Mara Face of the Future in LA  #URL# #URL#]]></document>
    <document><![CDATA[Heidi Klum in a Blue Denim Jacket Goes Shopping at Barneys New York in Beverly Hills  #URL# #URL#]]></document>
    <document><![CDATA[Selena Gomez in a Striped Cardigan Leaves the Chelsea Restaurant in NYC  #URL#]]></document>
    <document><![CDATA[Gwen Stefani in a White Tee Was Seen Out in Beverly Hills  #URL# #URL#]]></document>
    <document><![CDATA[Stana Katic in a Blue Trench Coat Arrives at AOL Build Studio in New York City  #URL# #URL#]]></document>
    <document><![CDATA[Natalia Dyer in a Black Cap Was Seen Out with Charlie Heaton in NYC  #URL# #URL#]]></document>
    <document><![CDATA[Hilary Duff in a Blue Ripped Jeans Was Seen Out in Los Angeles  #URL# #URL#]]></document>
    <document><![CDATA[Ashley Roberts in a Beige Trench Coat Arrives at Global Radio Studios in London  #URL#]]></document>
    <document><![CDATA[Julianne Moore in a Black Suit Was Seen Out in New York  #URL#]]></document>
    <document><![CDATA[Jennifer Garner in a White Blouse Arrives at Church in Brentwood  #URL# #URL#]]></document>
    <document><![CDATA[Gigi Hadid Was Seen Out in New York  #URL# #URL#]]></document>
    <document><![CDATA[Toni Garrn in a Short Floral Dress Out Shopping in New York City  #URL#]]></document>
    <document><![CDATA[Lindsey Morgan Attends the th Monte Carlo TV Festival : TV Series Party in Monte-Carlo  #URL# #URL#]]></document>
    <document><![CDATA[Kourtney Kardashian in a White Tee Was Seen Out in Malibu  #URL# #URL#]]></document>
    <document><![CDATA[Jessica Biel in a Beige Trench Coat Arrives at LAX Airport in Los Angeles  #URL#]]></document>
    <document><![CDATA[Kira Reed Attends  AFI Life Achievement Award Gala Honoring Denzel Washington at the Dolby Theatre in Hollywood… #URL#]]></document>
    <document><![CDATA[Christina Milian in a White Ripped Tee Was Seen Out in Studio City  #URL# #URL#]]></document>
    <document><![CDATA[Ella Purnell Attends the Sweetbitter Season  Premiere at the Roxy Cinema in NYC  #URL#]]></document>
    <document><![CDATA[Maisie Williams Attends SUPER Magazine x CONTACT Agency Launch Party in London  #URL# #URL#]]></document>
    <document><![CDATA[Olivia Culpo in a Floral Print Skirt Was Seen Out in LA  #URL#]]></document>
    <document><![CDATA[Joey King Attends The Act FYC Event at Linwood Dunn Theater at the Pickford Center for Motion Study in Hollywood  #URL#]]></document>
    <document><![CDATA[Amber Heard in a White Tank Top Was Seen Out in West Hollywood  #URL# #URL#]]></document>
    <document><![CDATA[Lucy Hale in a White Tee Stops at a Gas Station in Los Angeles  #URL#]]></document>
    <document><![CDATA[Marisa Tomei Attends the rd Annual Tony Awards at Radio City Music Hall in New York  #URL# #URL#]]></document>
    <document><![CDATA[Kirsten Dunst in a Gray Suit Leaves Ago Restaurant in Los Angeles  #URL#]]></document>
    <document><![CDATA[Maria Menounos Attends Gay Pride Parade in West Hollywood  #URL# #URL#]]></document>
    <document><![CDATA[Chris Hemsworth Promotes Men in Black: International in Moscow  #URL#]]></document>
    <document><![CDATA[Julianne Moore in a Black Suit Was Seen Out in New York  #URL# #URL#]]></document>
    <document><![CDATA[Eva Noblezada Attends the rd Annual Tony Awards at Radio City Music Hall in New York  #URL#]]></document>
    <document><![CDATA[Gina Carano Attends Women in Film Max Mara Face of the Future in LA  #URL#]]></document>
    <document><![CDATA[Rihanna in a Black Tee Arrives at JFK Airport in NYC  #URL#]]></document>
    <document><![CDATA[Ellen Pompeo in a White Sneakers Was Seen Out in Studio City  #URL# #URL#]]></document>
    <document><![CDATA[Anne Hathaway in a Black Cardigan Arrives at JFK Airport in NYC  #URL# #URL#]]></document>
    <document><![CDATA[Jessica Alba in a Black Coat Arrives at Heathrow Airport in London  #URL# #URL#]]></document>
    <document><![CDATA[Naomi Watts in a Black Sneakers Arrives at JFK Airport in NYC  #URL#]]></document>
    <document><![CDATA[Halle Berry in a Plaid Dress Was Seen Out in Los Angeles  #URL#]]></document>
    <document><![CDATA[Halsey Arrives at BBC Live Lounge in London  #URL#]]></document>
    <document><![CDATA[Rachel McAdams in a White Dress Was Seen Out in LA  #URL# #URL#]]></document>
    <document><![CDATA[Kaitlyn Dever Attends Women in Film Max Mara Face of the Future in LA  #URL#]]></document>
    <document><![CDATA[Selena Gomez in a Striped Cardigan Leaves the Chelsea Restaurant in NYC  #URL# #URL#]]></document>
    <document><![CDATA[Rachel Keller Attends the Legion Season  Premiere in Hollywood  #URL#]]></document>
    <document><![CDATA[Kate Middleton in a White Dress Attends First Annual Gala Dinner in Recognition of Addiction Awareness Week in Lond… #URL#]]></document>
    <document><![CDATA[Natalie Portman in a Black Pants Walks with Her Dog and a Friend at Griffith Park in Los Angeles  #URL#]]></document>
    <document><![CDATA[Jessica Alba Attends L.A.&amp;#;s Finest Photocall in Madrid  #URL# #URL#]]></document>
    <document><![CDATA[Julianne Hough in a Gray Pants Was Seen Out in West Hollywood  #URL# #URL#]]></document>
    <document><![CDATA[Halsey Attends  Songwriters Hall of Fame in New York City  #URL#]]></document>
    <document><![CDATA[Katherine McNamara Attends Women in Film Max Mara Face of the Future in LA  #URL# #URL#]]></document>
    <document><![CDATA[Kirsten Dunst in a Gray Suit Leaves Ago Restaurant in Los Angeles  #URL# #URL#]]></document>
    <document><![CDATA[Sadie Sink Arrives at GMA in New York  #URL# #URL#]]></document>
    <document><![CDATA[Aubrey Plaza Attends the Legion Season  Premiere in Hollywood  #URL#]]></document>
    <document><![CDATA[Madison Beer in a Blue Daisy Duke Shorts Was Seen Out in West Hollywood  #URL#]]></document>
    <document><![CDATA[Kelsea Ballerini Attends CMA Fest Activities Inside Xfinity Fan Fair X at Music City Cente in Nashville  #URL#]]></document>
    <document><![CDATA[Lily Collins Attends Les Miserables Photo Call in Los Angeles  #URL# #URL#]]></document>
    <document><![CDATA[Olivia Culpo in a Short Black Dress Leaves Catch Restaurant in Los Angeles  #URL# #URL#]]></document>
    <document><![CDATA[Sarah Michelle Gellar in a White Sneakers Goes Shopping in Los Angeles  #URL# #URL#]]></document>
    <document><![CDATA[Gwen Stefani in a White Tee Was Seen Out in Beverly Hills  #URL#]]></document>
    <document><![CDATA[Lana Condor Attends the Conservation International + ELLE Los Angeles Gala at Milk Studios in Hollywood… #URL#]]></document>
    <document><![CDATA[Halle Berry in a Gray Suit Leaves the Gym in Los Angeles  #URL# #URL#]]></document>
    <document><![CDATA[Madison Beer in a Justin Beiber&amp;#;s Multicolored Drew Hoodie Was Seen on Melrose Place in LA  #URL#]]></document>
    <document><![CDATA[Sydney Sweeney Attends  Women in Film Max Mara Face of the Future in LA  #URL#]]></document>
    <document><![CDATA[Peyton List Attends  Women in Film Max Mara Face of the Future in LA  #URL# #URL#]]></document>
    <document><![CDATA[Katherine McNamara Attends Women in Film Max Mara Face of the Future in LA  #URL#]]></document>
    <document><![CDATA[Anne Winters Attends the th Annual Blue Diamond Foundation at Dodger Stadium in LA  #URL#]]></document>
    <document><![CDATA[Jena Malone Attends Amazon&amp;#;s Too Old To Die Young Screening in Los Angeles  #URL#]]></document>
    <document><![CDATA[Dania Ramirez Attends The Secret Life of Pets  Premiere in Westwood  #URL# #URL#]]></document>
    <document><![CDATA[Karrueche Tran in a Black Pants Leaves E Baldi Restaurant in Beverly Hills  #URL# #URL#]]></document>
    <document><![CDATA[Rachel McAdams in a White Dress Was Seen Out in LA  #URL#]]></document>
    <document><![CDATA[Lucy Liu Attends the rd Annual Tony Awards at Radio City Music Hall in New York  #URL#]]></document>
    <document><![CDATA[Sarah Hyland in a Black Adidas Tracksuit Arrives at the Shape House in Studio City  #URL#]]></document>
    <document><![CDATA[Kara Del Toro Attends the Dark Phoenix Premiere in Los Angeles  #URL#]]></document>
    <document><![CDATA[Madelaine Petsch Attends  Moschino SpringSummer at Universal Studios Hollywood in Universal City… #URL#]]></document>
    <document><![CDATA[Rihanna in a Black Tee Arrives at JFK Airport in NYC  #URL# #URL#]]></document>
    <document><![CDATA[Nicole Scherzinger in a White Suit Leaves Craig’s Restaurant in West Hollywood  #URL#]]></document>
    <document><![CDATA[Amber Heard in a White Tank Top Was Seen Out in West Hollywood  #URL#]]></document>
    <document><![CDATA[Mischa Barton Attends  MTV Movie and TV Awards at Barker Hangar in Santa Monica  #URL#]]></document>
    <document><![CDATA[Leigh-Anne Pinnock in a Yellow Bikini on the Beach on Mykonos Island  #URL#]]></document>
    <document><![CDATA[Hailey Baldwin in a White Jumpsuit Was Seen Out with Friends in LA  #URL# #URL#]]></document>
    <document><![CDATA[Bella Thorne in a Pink Tracksuit Arrives at LAX Airport in Los Angeles  #URL#]]></document>
    <document><![CDATA[Aurora Ramazzotti in a Leopard Print Bikini on the Beach on Mykonos Island  #URL#]]></document>
    <document><![CDATA[Khloe Kardashian in a Purple Trench Coat Was Seen Out in Agoura Hills  #URL# #URL#]]></document>
    <document><![CDATA[Ashley Greene Was Seen Out with Paul Khoury in Studio City  #URL# #URL#]]></document>
    <document><![CDATA[Maya Jama in a Short Floral Dress Arrives at Berners Tavern in London  #URL#]]></document>
    <document><![CDATA[Khloe Kardashian in a Black Striped Trench Coat Was Seen Out in Encino  #URL# #URL#]]></document>
    <document><![CDATA[Halsey Arrives at BBC Live Lounge in London  #URL# #URL#]]></document>
    <document><![CDATA[Tristin Mays Attends the Shaft Premiere at AMC Lincoln Square Theater in New York  #URL# #URL#]]></document>
    <document><![CDATA[Rachel Bilson Attends  Women in Film Max Mara Face of the Future in LA  #URL#]]></document>
    <document><![CDATA[Halle Berry in a Plaid Dress Was Seen Out in Los Angeles  #URL# #URL#]]></document>
    <document><![CDATA[Jennifer Garner in a Plaid Blazer Leaves an Office in Santa Monica  #URL# #URL#]]></document>
    <document><![CDATA[Jess Impiazzi Attends Paramount Network Presentation of Mean Girls: The Movie and More in London  #URL#]]></document>
    <document><![CDATA[Emily Ratajkowski Attends the rd Annual Tony Awards at Radio City Music Hall in New York  #URL#]]></document>
    <document><![CDATA[Rita Ora Arrives at Capital FM Summertime Ball&amp;#;s Afterparty in London  #URL#]]></document>
  </documents>
</author>
