<author lang="en">
  <documents>
    <document><![CDATA[Beauty Buzz: How to successfully self-tan - #URL# #HASHTAG# #URL#]]></document>
    <document><![CDATA[Beauty Q: Do you use fake tan regularly? - #URL# #HASHTAG# #URL#]]></document>
    <document><![CDATA[Vacant historic beauty - #URL# (Milwaukee) #HASHTAG# #URL#]]></document>
    <document><![CDATA[Kennedy: Chevy Silverado black beauty - Chattanooga Times Free Press #HASHTAG# #URL#]]></document>
    <document><![CDATA[Coachella 2018 Festival Fashion, Beauty Preview]]></document>
    <document><![CDATA[Zendaya&amp;#HASHTAG#;s Face Mask &amp;amp; Glasses Selfie Proves The Beauty Queen Is Just Like Us - Bustle #HASHTAG# #URL#]]></document>
    <document><![CDATA[5 reasons why charcoal is the solution to your beauty woes - #URL# (UK) #HASHTAG# #URL#]]></document>
    <document><![CDATA[The captivating beauty of contrast in interior design - Santa Fe New Mexican #HASHTAG# #URL#]]></document>
    <document><![CDATA[Mena Suvari Dishes on Her Vegan Lifestyle and Sustainable Fashion - Us Weekly #HASHTAG# #URL#]]></document>
    <document><![CDATA[Eva Marcille Shares the Surprisingly Simple Beauty Tip She Learned from Tyra Banks - Bravo (blog) #HASHTAG# #URL#]]></document>
    <document><![CDATA[Meet Margot Elena, A Fragrance Guru Who Built a Beauty Empire in Centennial, Colorado - 303 Magazine #HASHTAG# #URL#]]></document>
    <document><![CDATA[Cutting back: Hair care manufacturer Sally Beauty axes staff to fund long-term growth - GlobalCosmeticsNews (press… #URL#]]></document>
    <document><![CDATA[Infinite Beauty Give an Inside Look at Their Signature Facials - PR Newswire (press release) #HASHTAG# #URL#]]></document>
    <document><![CDATA[HOME: Victorian beauty in Weston Center - Wicked Local #HASHTAG# #URL#]]></document>
    <document><![CDATA[Eyesore patio is now a bluestone beauty ? and eco-friendly - Minneapolis Star Tribune #HASHTAG# #URL#]]></document>
    <document><![CDATA[GINA PARADISO: A life lived in beauty, a death with dignity - Pueblo Chieftain #HASHTAG# #URL#]]></document>
    <document><![CDATA[BCT musical lives up to its name - Kitsap Sun #HASHTAG# #URL#]]></document>
    <document><![CDATA[This Rihanna Beauty Look Is The One To Reference All Summer - #URL# #HASHTAG# #URL#]]></document>
    <document><![CDATA[This Natural Skincare Brand Is Sold on Amazon Prime and, Womp, There Goes My Money - POPSUGAR #HASHTAG# #URL#]]></document>
    <document><![CDATA[Beauty pageant winners will help clean up Tuscumbia - Times Daily #HASHTAG# #URL#]]></document>
    <document><![CDATA[Watch: Time lapse video shows beauty of moonset shadow over Palouse Falls - KOMO News (blog) #HASHTAG# #URL#]]></document>
    <document><![CDATA[Rihanna Just Released Cheaper Minis for Fenty Beauty&amp;#HASHTAG#;s Shimmer Skinsticks - StyleCaster #HASHTAG# #URL#]]></document>
    <document><![CDATA[4/7 Arts Avenue: &amp;#HASHTAG#;Beauty and the Beast&amp;#HASHTAG#; - WISN Milwaukee #HASHTAG# #URL#]]></document>
    <document><![CDATA[Expect high-flying fun at Valley High&amp;#HASHTAG#;s &amp;#HASHTAG#;Beauty and the Beast&amp;#HASHTAG#; - Tribune-Review #HASHTAG# #URL#]]></document>
    <document><![CDATA[Professional beauty volunteers needed - Marshfield Mail #HASHTAG# #URL#]]></document>
    <document><![CDATA[Costco&amp;#HASHTAG#;s Case Of Seoul K-Beauty Box Doesn&amp;#HASHTAG#;t Even Require A Membership - Bustle #HASHTAG# #URL#]]></document>
    <document><![CDATA[America&amp;#HASHTAG#;s Beauty Show 2018 Comes to McCormick Place in Chicago April 28 - 30 - Markets Insider #HASHTAG# #URL#]]></document>
    <document><![CDATA[Beauty pageant winners will help clean up Tuscumbia - Times Daily #HASHTAG# #URL#]]></document>
    <document><![CDATA[Upcoming Celebrity Beauty, Makeup, Skin-Care Lines]]></document>
    <document><![CDATA[Wedding prep: Three key stages for a bridal beauty checklist - Malay Mail #HASHTAG# #URL#]]></document>
    <document><![CDATA[Madonna&amp;#HASHTAG#;s son steals her beauty products - Hazard Herald #HASHTAG# #URL#]]></document>
    <document><![CDATA[Ronda Rich: Touched by the kindness, generosity of a beauty queen - Gainesville Times #HASHTAG# #URL#]]></document>
    <document><![CDATA[11 Beauty Products Meghan Markle Uses So You Can Feel Like Royalty Too - Bustle #HASHTAG# #URL#]]></document>
    <document><![CDATA[Chevy is 78 years old and still a beauty - Hickory Daily Record #HASHTAG# #URL#]]></document>
    <document><![CDATA[BCT musical lives up to its name - Kitsap Sun #HASHTAG# #URL#]]></document>
    <document><![CDATA[GINA PARADISO: A life lived in beauty, a death with dignity - Pueblo Chieftain #HASHTAG# #URL#]]></document>
    <document><![CDATA[Pret-a-Reporter - Hollywood Reporter #HASHTAG# #URL#]]></document>
    <document><![CDATA[Finnish photographer captures Lapland&amp;#HASHTAG#;s beauty through the seasons - Mother Nature Network (blog) #URL#]]></document>
    <document><![CDATA[Here are the secrets to Song Hye-kyo&amp;#HASHTAG#;s glowing beauty - #URL# #HASHTAG# #URL#]]></document>
    <document><![CDATA[Your Favorite New Edgy Spring Beauty Look Is Here - #URL# #HASHTAG# #URL#]]></document>
    <document><![CDATA[KTC Presents &amp;#HASHTAG#;Beauty And The Beast&amp;#HASHTAG#; - #URL# #HASHTAG# #URL#]]></document>
    <document><![CDATA[Kristen Bell Shared The One Beauty Product She Can&amp;#HASHTAG#;t Live Without ... - HelloGiggles #HASHTAG# #URL#]]></document>
    <document><![CDATA[Professional beauty volunteers needed - Marshfield Mail #HASHTAG# #URL#]]></document>
    <document><![CDATA[At-risk youth capture the beauty of winter at artist reception - Burnett County Sentinel #HASHTAG# #URL#]]></document>
    <document><![CDATA[Beauty and the Dogs: How Tunisian Director Kaouther Ben Hania Made a Feminist Horror Film in Nine Shots - MovieMake… #URL#]]></document>
    <document><![CDATA[Fitchburg&amp;#HASHTAG#;s Twin Cities Stained Glass contains beauty within - Sentinel &amp;amp; Enterprise #HASHTAG# #URL#]]></document>
    <document><![CDATA[Beauty Q: Do you use fake tan regularly? - #URL# #HASHTAG# #URL#]]></document>
    <document><![CDATA[Skin Deep review: dark monster of a book about beauty and identity - Irish Times #HASHTAG# #URL#]]></document>
    <document><![CDATA[What It&amp;#HASHTAG#;s Like To Be A Beauty Blogger In A Country Where It&amp;#HASHTAG#;s Almost Impossible To Buy Popular Makeup - B… #URL#]]></document>
    <document><![CDATA[Campaign promotes beauty, better home values in Shenandoah - #URL# #HASHTAG# #URL#]]></document>
    <document><![CDATA[What It&amp;#HASHTAG#;s Like To Be A Beauty Blogger In A Country Where It&amp;#HASHTAG#;s Almost Impossible To Buy Popular Makeup - B… #URL#]]></document>
    <document><![CDATA[Spring Open House brings together Clarksburg Beauty Academy graduates, instructors - WV News #HASHTAG# #URL#]]></document>
    <document><![CDATA[Finnish photographer captures Lapland&amp;#HASHTAG#;s beauty through the seasons - Mother Nature Network (blog) #URL#]]></document>
    <document><![CDATA[Can Qurate Retail Group become the Netflix of beauty commerce? - #URL# USA #HASHTAG# #URL#]]></document>
    <document><![CDATA[Ready to launch: Kardashian and Lopez beauty lines - #URL# #HASHTAG# #URL#]]></document>
    <document><![CDATA[Rihanna announces Fenty Beauty launch in Saudi Arabia this month - Al-Arabiya #HASHTAG# #URL#]]></document>
    <document><![CDATA[Why Kardashian clan needs to bow down to Rihanna&amp;#HASHTAG#;s Fenty Beauty - TheGrio (blog) #HASHTAG# #URL#]]></document>
    <document><![CDATA[Are You Ready For Huda Beauty&amp;#HASHTAG#;s Controversial New Launch? - HarpersBazaarArabia #HASHTAG# #URL#]]></document>
    <document><![CDATA[The best hemp-infused potions, beauty products and lotions - #URL# #HASHTAG# #URL#]]></document>
    <document><![CDATA[How to Incorporate More Nature Into Your Beauty Routine - POPSUGAR #HASHTAG# #URL#]]></document>
    <document><![CDATA[Reshaping the beauty industry doesn&amp;#HASHTAG#;t happen every day, but these pros are doing it - Yahoo Lifestyle #URL#]]></document>
    <document><![CDATA[These 11 must-have beauty products ALWAYS sell out on ASOS? and here&amp;#HASHTAG#;s why - The Sun #HASHTAG# #URL#]]></document>
    <document><![CDATA[Reshaping the beauty industry doesn&amp;#HASHTAG#;t happen every day, but these pros are doing it - Yahoo Sports #URL#]]></document>
    <document><![CDATA[Bollywood Productions Have Nothing on These Bengali Wedding Beauty Rituals - #URL# #HASHTAG# #URL#]]></document>
    <document><![CDATA[Ronda Rich: Touched by the kindness, generosity of a beauty queen - Gainesville Times #HASHTAG# #URL#]]></document>
    <document><![CDATA[Patrons rave about new Masters shop, course beauty - The Augusta Chronicle #HASHTAG# #URL#]]></document>
    <document><![CDATA[Mario Dedivanovic Talks His Upcoming KKW Beauty Collab and the Makeup Trend of the Year - POPSUGAR #HASHTAG# #URL#]]></document>
    <document><![CDATA[Ronda Rich: The kindness and generosity of a Beauty Queen - Gainesville Times #HASHTAG# #URL#]]></document>
    <document><![CDATA[7 interesting products from Thai beauty companies - Premium beauty #HASHTAG# #URL#]]></document>
    <document><![CDATA[The captivating beauty of contrast in interior design - Santa Fe New Mexican #HASHTAG# #URL#]]></document>
    <document><![CDATA[Costco Just Won the K-Beauty Game with the Launch of Its Own 10-Step Skincare Box - PureWow #HASHTAG# #URL#]]></document>
    <document><![CDATA[Bullied Boy Finds Beauty in Himself After Adopting Cat With the Same 2 Rare Conditions as Him - Good News Network #URL#]]></document>
    <document><![CDATA[Ulta Beauty Opening New Parsippany Location - #URL# #HASHTAG# #URL#]]></document>
    <document><![CDATA[The Beauty?and Business?of the Hajj - Cond #HASHTAG# #URL#]]></document>
    <document><![CDATA[Option Market Alert: Sally Beauty Holdings Inc Implied Price Swing Hits An Amplified Level - CML News #HASHTAG# #URL#]]></document>
    <document><![CDATA[The Best Celebrity Beauty Instagrams of the Week: Gisele B #HASHTAG# #URL#]]></document>
    <document><![CDATA[Beauty brand taking retail road trip - Chain Store Age #HASHTAG# #URL#]]></document>
    <document><![CDATA[Jennifer Lopez makes Middle East beauty call - Arab News #HASHTAG# #URL#]]></document>
    <document><![CDATA[Jennifer Lopez makes Middle East beauty call - Arab News #HASHTAG# #URL#]]></document>
    <document><![CDATA[Disney Springs is the Go-To Place for All Your Spring Beauty Needs - Bleeding Cool News #HASHTAG# #URL#]]></document>
    <document><![CDATA[Quiet first Sunday walks display Buffalo Museum District&amp;#HASHTAG#;s beauty - Buffalo News #HASHTAG# #URL#]]></document>
    <document><![CDATA[The Best Beauty Products to Buy During Your Next Trip to Whole Foods - or on Amazon! - #URL#… #URL#]]></document>
    <document><![CDATA[Studies in feminine strength, beauty and character from Bettina Rheims - RFI #HASHTAG# #URL#]]></document>
    <document><![CDATA[Chevy is 78 years old and still a beauty - Hickory Daily Record #HASHTAG# #URL#]]></document>
    <document><![CDATA[Campaign promotes beauty, better home values in Shenandoah - #URL# #HASHTAG# #URL#]]></document>
    <document><![CDATA[Patrons rave about new Masters shop, course beauty - The Augusta Chronicle #HASHTAG# #URL#]]></document>
    <document><![CDATA[Blue Eyeshadow: How to wear SS18&amp;#HASHTAG#;s boldest beauty trend - The Independent #HASHTAG# #URL#]]></document>
    <document><![CDATA[The Best Beauty Products to Buy During Your Next Trip to Whole Foods - or on Amazon! - #URL#… #URL#]]></document>
    <document><![CDATA[Disney Springs is the Go-To Place for All Your Spring Beauty Needs - Bleeding Cool News #HASHTAG# #URL#]]></document>
    <document><![CDATA[With #HASHTAG#, a veteran model and makeup artist call for more diversity in beauty - Mic #URL#]]></document>
    <document><![CDATA[7 interesting products from Thai beauty companies - Premium beauty #HASHTAG# #URL#]]></document>
    <document><![CDATA[The 10 Best Beauty Instagrams of the Week: Gisele B #HASHTAG# #URL#]]></document>
    <document><![CDATA[Hong Kong beauty salon blunders spark move to regulate stem cell treatment and therapies - South China Morning Post #URL#]]></document>
    <document><![CDATA[Watch Laverne Cox and the &amp;#HASHTAG#;Glam Masters&amp;#HASHTAG#; Judges Reveal Beauty Tips and Tricks - Us Weekly #HASHTAG# #URL#]]></document>
    <document><![CDATA[Free as a bird: the beauty and exhilaration of gliding - #URL# #HASHTAG# #URL#]]></document>
    <document><![CDATA[Beauty and the Dogs: How Tunisian Director Kaouther Ben Hania Made a Feminist Horror Film in Nine Shots - MovieMake… #URL#]]></document>
    <document><![CDATA[Program to teach beauty professionals about detecting skin cancer - #URL# #HASHTAG# #URL#]]></document>
    <document><![CDATA[Isle of Dogs Finds Beauty on Trash Island, but Has a Whiff of Cultural Insensitivity - The Chicago Maroon #URL#]]></document>
    <document><![CDATA[Local gallery showcases the beauty behind the art process - RochesterFirst #HASHTAG# #URL#]]></document>
    <document><![CDATA[Style at Home: Houseplants add natural beauty to your home - Twin Falls Times-News #HASHTAG# #URL#]]></document>
  </documents>
</author>
