<author lang="en">
  <documents>
    <document><![CDATA[RT #USER#: Are you traveling this summer? A more affordable phone plan with America's most reliable network means more money for…]]></document>
    <document><![CDATA[RT #USER#: Need some quick meals this summer? Check out these 5 Easy Meal Ideas with #USER# Fish Sticks! Ideas ---&gt; http…]]></document>
    <document><![CDATA[RT #USER#: #HASHTAG# is vital for #HASHTAG#, especially with aging. The quality of protein is crucial for immune building, suppor…]]></document>
    <document><![CDATA[RT #USER#: 20+ Delicious Soup Recipes from Around the World via #USER# #URL# #HASHTAG# #HASHTAG# #HASHTAG#…]]></document>
    <document><![CDATA[RT #USER#: Did you know that #HASHTAG# is now available! Get yours in a Collectible SteelBook package today #USER#! #HASHTAG# #URL#…]]></document>
    <document><![CDATA[RT #USER#: Mark your calendar for Sept. 28 and get your flu shot at #USER# without even leaving your car! Drive-through flu…]]></document>
    <document><![CDATA[RT #USER#: #HASHTAG# Do you love smoothies? I sure do, and I love the Cherry Vanilla Smoothie Swirl that #USER# has shared with us…]]></document>
    <document><![CDATA[RT #USER#: #HASHTAG# Look at all that family fun being had at #USER# !  With over 50 water slides to choose from we are going to…]]></document>
    <document><![CDATA[RT #USER#: Be a Pineapple.  Stand Tall,  Wear a Crown,  Be Sweet on the inside!    #HASHTAG# #HASHTAG# #HASHTAG# #HASHTAG#…]]></document>
    <document><![CDATA[RT #USER#: How do you communicate with your kids about the dangers of using tobacco Check my post to see what you can do.#URL#…]]></document>
    <document><![CDATA[RT #USER#: These cute and delicious Bacon, Lettuce &amp; Tomato Pinwheel Appetizers are so simple to make. They take very little time…]]></document>
    <document><![CDATA[RT #USER#: Looking for a new workout to help you tone for the summer? See what I learned after weeks of Barre class #URL#…]]></document>
    <document><![CDATA[RT #USER#: Today's the day: Dark Phoenix is available now #USER# with their exclusive Collectible SteelBook packaging! Head to Best B…]]></document>
    <document><![CDATA[I'm entering to win an #USER# prize pack thanks to #USER#! #URL#]]></document>
    <document><![CDATA[RT #USER#: Now that my husband is going back to college, I was excited to learn there are many financing options available for col…]]></document>
    <document><![CDATA[RT #USER#: Leaving your little one overnight can be super emotional. Check out some tips from #USER# to help you with your fi…]]></document>
    <document><![CDATA[RT #USER#: How to Train Your Dragon 3 DVD Walmart Exclusive DVD + Viking cupcakes! // Head to #USER#  and purchase the new rele…]]></document>
    <document><![CDATA[RT #USER#: I am so excited! #HASHTAG# is now available! Get yours in a Collectible SteelBook package today #USER#! Now available…]]></document>
    <document><![CDATA[RT #USER#: Looking for the most affectionate large dog breeds?   Check out the top 7 large pups who love a good cuddle with their people…]]></document>
    <document><![CDATA[RT #USER#: Check out our top 20 military themed gift items in this Military Dad Father's Day Gift Guide. It really makes finding a g…]]></document>
    <document><![CDATA[RT #USER#: #HASHTAG# In search of some fall fashion? 🧥👖👗👔 Check out this buying guide that #USER# has curated and my fave item! 👛 #HASHTAG#…]]></document>
    <document><![CDATA[RT #USER#: A Life Singular Series by Lorraine Pestell #URL# #HASHTAG# &amp; #HASHTAG# Womens #HASHTAG# #HASHTAG#  #USER#…]]></document>
    <document><![CDATA[RT #USER#: Check out the new RockIt Twist from #USER# - A cool new TWIST on gaming! #HASHTAG# My boys can enjoy problem solving, math, lit…]]></document>
    <document><![CDATA[RT #USER#: We have been trying to eat better. Really knowing where our food is coming from &amp; reading labels!! This particular lunch…]]></document>
    <document><![CDATA[RT #USER#: #HASHTAG# Check out these tips for leaving your child overnight by #USER#: Leave a schedule &amp; routine, list of favorite…]]></document>
    <document><![CDATA[RT #USER#: Hurricane season is here! Preparation today can pave the way for a smoother financial recovery process in the wake of a…]]></document>
    <document><![CDATA[RT #USER#: #USER# 🎃 We had an amazing time Pete! Not only did we enjoy all of the decorations &amp; Trick or Treating, but…]]></document>
    <document><![CDATA[RT #USER#: #HASHTAG# Enter to win a $75 Hudson’s Bay e-gift card &amp; while you’re there, check out this delicious recipe for One-Skillet…]]></document>
    <document><![CDATA[RT #USER#: Our easy Chocolate Frosted Air Fryer donuts recipe is perfect for an afternoon snack. Easy and yummy chocolate frosted…]]></document>
    <document><![CDATA[RT #USER#: #HASHTAG# #HASHTAG# Ultimate Father's Day Gift Guide #URL#]]></document>
    <document><![CDATA[RT #USER#: When you think of an influencer, my face isn’t the first thing to pop into your head. You think of a beautiful, thin,…]]></document>
    <document><![CDATA[RT #USER#: #HASHTAG# Mixed berry Greek Yogurt Bowl - soft and creamy vanilla yogurt topped with fresh blueberries, raspberries and the perf…]]></document>
    <document><![CDATA[RT #USER#: #HASHTAG# The screams of joy I get when I bring these #USER# Ice Cream Sandwiches from #USER# outside make me feel…]]></document>
    <document><![CDATA[RT #USER#: This Pumpkin No Knead Bread just screams #HASHTAG#! Come and see how Bernice from #USER# creates this gorgeous #HASHTAG#…]]></document>
    <document><![CDATA[RT #USER#: Have you ever wondered about the effects of the #HASHTAG# Light on your well-being? Check out benefits of Infrared Light…]]></document>
    <document><![CDATA[RT #USER#: Ready to start planning the rest of your 2019 content? I'm excited to share my free #HASHTAG# editorial calendar for…]]></document>
    <document><![CDATA[RT #USER#: Everyday life can be busy enough, but for someone with a disability like #USER#, not knowing when a fracture may h…]]></document>
    <document><![CDATA[RT #USER#: Recently discovered a hidden #HASHTAG# gem in #HASHTAG# --&gt; Trustees’ Table in #USER#! #URL# #HASHTAG#…]]></document>
    <document><![CDATA[RT #USER#: Can't wait to clean my floors with my new Bona Quick Clean System!! #HASHTAG#  --&gt;&gt; #URL#   #HASHTAG# #HASHTAG#…]]></document>
    <document><![CDATA[“X-Men: Dark Phoenix 4K Blu-ray Collectible SteelBook, the best movie of the year, is out now! Get your SteelBook w… #URL#]]></document>
    <document><![CDATA[RT #USER#: As a small business owner, I’ve realized the most crucial tool for my success comes down to my Internet connection. Wh…]]></document>
    <document><![CDATA[RT #USER#: #HASHTAG# - - #URL# - -  #HASHTAG# is flying to you with her new favorite the zipflight from #USER#…]]></document>
    <document><![CDATA[RT #USER#: This week on the blog, as my son is getting ready to get his permit, I shared all about his dream car and car buying tips for…]]></document>
    <document><![CDATA[Cinderella and the Secret Prince, makes royal appearance on DVD from #USER# Shout Kids on 11/5/19! Be sure t… #URL#]]></document>
    <document><![CDATA[RT #USER#: Healthful, flavorful dog food like #USER#® Beneful® Grain Free with Farm Raised Chicken, found #USER#, is just 1 piec…]]></document>
    <document><![CDATA[RT #USER#: Read about one of our favorite restaurants --   #USER# -- and check out their new Express Lunch Menu here: h…]]></document>
    <document><![CDATA[RT #USER#: .#USER# is grateful for all the resources available to her son with #HASHTAG#. With the national #HASHTAG# program, her fa…]]></document>
    <document><![CDATA[RT #USER#: Stopped to take in this breathtaking view  #USER# #USER#   #HASHTAG# #HASHTAG# #HASHTAG#…]]></document>
    <document><![CDATA[RT #USER#: #HASHTAG# Do you know how much food your family throws out each week? Food waste is a huge environmental issue that everyone…]]></document>
    <document><![CDATA[RT #USER#: Today on the blog I'm sharing 5 steps for choosing the right food for your dog &amp; talking about why we chose #USER# ONE…]]></document>
    <document><![CDATA[RT #USER#: Enter to WIN a Family 4-Ticket Pack to experience Day Out With Thomas: The Steam Engine Tour 2019 including riding on…]]></document>
    <document><![CDATA[RT #USER#: Create memories with your family when you make this tasty A&amp;W Root Beer barbecue sauce. Backyard games and cookouts are w…]]></document>
    <document><![CDATA[RT #USER#: One of my fave restaurants at #HASHTAG# is #HASHTAG#!  So, Hubby and I had to dine there during our Dating Around Worl…]]></document>
    <document><![CDATA[RT #USER#: This will be a fun summer STEM activity to do with your kids! #URL# #HASHTAG# #HASHTAG# #HASHTAG# https://t…]]></document>
    <document><![CDATA[RT #USER#: 5 Friendly Facts about Golden Retrievers #URL# via #USER# #URL#]]></document>
    <document><![CDATA[RT #USER#: It was a beautiful day for soccer and the ladies were all ready for Jonah’s big game. As usual, they are snacking on #USER#…]]></document>
    <document><![CDATA[RT #USER#: It's here and we are so happy to get our hands on the #HASHTAG# Dark Phoenix 4K Blu-ray Collectible SteelBook which available…]]></document>
    <document><![CDATA[RT #USER#: Are you a fan of the #USER#?! The Collectible SteelBook package of #HASHTAG# is available exclusively #USER# right…]]></document>
    <document><![CDATA[#USER# I sighed up for the emails... I missed the cyber monday code, is there any way this code can be emailed again?]]></document>
    <document><![CDATA[RT #USER#: June 7 is #HASHTAG#! Take the #USER# Fan Flavor Challenge by creating your own original #HASHTAG#, and you could see y…]]></document>
    <document><![CDATA[RT #USER#: Looking for an adorable fun gift for your littles age 3 &amp; up? My Little Pony’s Oh My Giggles Pinkie Pie from #USER# gigg…]]></document>
    <document><![CDATA[RT #USER#: Father's Day is just around the corner.  Check out these fun and creative easy Father's Day gift ideas.  #HASHTAG# #HASHTAG# #HASHTAG#…]]></document>
    <document><![CDATA[RT #USER#: X-Men fans! We are so excited to get #USER# #HASHTAG# which is now available! Get yours in a Collectible SteelBook…]]></document>
    <document><![CDATA[RT #USER#: Unplug &amp; Reset: Get Out on the Water and Get Away from It All!  Learn how you can get out on the water from #USER#…]]></document>
    <document><![CDATA[RT #USER#: #HASHTAG# Did you know that Dark Phoenix is available today, and you can get a copy at Best Buy with super cool packaging that is…]]></document>
    <document><![CDATA[Remember those paint by number books you had as a kid? Now there is an even cooler way to make artwork, Paint by St… #URL#]]></document>
    <document><![CDATA[RT #USER#: Sharing some favorites and sweepstakes today.   Read more here --&gt; #URL#   Learn more here --&gt; https://…]]></document>
    <document><![CDATA[RT #USER#: Want to know how to give a dog pills?   This is the post for you.   Today, we cover four methods than answer the question: ho…]]></document>
    <document><![CDATA[RT #USER#: #HASHTAG# Do Root Beer Floats make you think of your childhood? Come see how I recreated my favorite childhood memory with my…]]></document>
    <document><![CDATA[RT #USER#: Toss your pumpkin seeds in cinnamon &amp; sugar, then roast them up. Cinnamon Sugar Pumpkin Seeds will surely become a favor…]]></document>
    <document><![CDATA[RT #USER#: Love to make slime? I love making slime, and this Spooky Glowing Slime is one of my favorites. I made this for Halloween…]]></document>
    <document><![CDATA[RT #USER#: #HASHTAG# with Rosemary J. Kind, author of New York Orphan #USER# #URL# #URL#]]></document>
    <document><![CDATA[RT #USER#: Fall Gardening Tips to Get You Ready for Winter will save you time and effort come spring and have you reaping the rewards…]]></document>
    <document><![CDATA[RT #USER#: 11 things you don't want to forget to pack for your upcoming family road trip + a chance to win a $200 #USER# gift c…]]></document>
    <document><![CDATA[RT #USER#: Summer is here and the water is calling!   Check out these fun ideas====&gt;#URL#  #HASHTAG# #HASHTAG#…]]></document>
    <document><![CDATA[RT #USER#: Don't let #HASHTAG# keep you away from a fun night of bowling at #USER#. Take a peek at how they managed…]]></document>
    <document><![CDATA[RT #USER#: When finding the right RV, the features are going to be essential.   Here are essential features to look at 👇 #URL#…]]></document>
    <document><![CDATA[Sesame Street: 50 years and counting! Comes to DVD &amp; Digital Download on October 1st 2019. A great DVD celebrating… #URL#]]></document>
    <document><![CDATA[RT #USER#: Sharing my Father's Day gift guide #HASHTAG#  Gift Guide:  #URL#  #HASHTAG# #HASHTAG# #HASHTAG# #HASHTAG#…]]></document>
    <document><![CDATA[RT #USER#: Planning a graduation party, Father's Day celebration, or a special summer affair? Check out my post on Four Ways QDOBA Can…]]></document>
    <document><![CDATA[RT #USER#: I love a clean home and I have cracked the code on how to get my kids to help clean WITHOUT complaining!  Check out today'…]]></document>
    <document><![CDATA[RT #USER#: When buying a home, it’s easy to feel adrift in a sea of unfamiliar technical acronyms. But, studying these key terms now…]]></document>
    <document><![CDATA[RT #USER#: Does Your Teenager Have Cystic Acne? #URL# via #USER#]]></document>
    <document><![CDATA[RT #USER#: Friends! Give GoodFood smoothies and overnight oats a try!   Sign up now and save $40 on your first order ---&gt; https://t…]]></document>
    <document><![CDATA[RT #USER#: Save time AND money on kids clothing with #USER# *surprise* boxes! Learn more + grab a promo code to save $10 on yo…]]></document>
    <document><![CDATA[RT #USER#: Wonder Park was just released yesterday! If you have seen this movie, you may recognize the wonder chimps. See my blog f…]]></document>
    <document><![CDATA[RT #USER#: It's time for fall fun and there's lots to be had in McHenry County, IL! It's the best place in the Chicagoland area for…]]></document>
    <document><![CDATA[RT #USER#: Shakshuka is a delicious Middle Eastern breakfast recipe you'll love. Easy homemade spicy tomato sauce, poached eggs a…]]></document>
    <document><![CDATA[RT #USER#: Do you have picky little eaters in your home? Check out these recipes  from #USER#! Their Ranch Seasoning Shaker mak…]]></document>
    <document><![CDATA[RT #USER#: We’re sharing some of our best tailgating tips and tricks, along with our favorite supplies from #USER#, a super cute…]]></document>
    <document><![CDATA[RT #USER#: Your #HASHTAG# need this Coffee Mug -----&gt; #HASHTAG# Gift Best Dad Ever Coffee Cup Mug #HASHTAG# #URL#   #HASHTAG#…]]></document>
    <document><![CDATA[RT #USER#: We finally made it to Disney's Vero Beach Resort! What was our room like, what did we eat and how was the weather? #HASHTAG#…]]></document>
    <document><![CDATA[RT #USER#: We’re sharing some of our best tailgating tips and tricks, along with our favorite supplies from #USER#, a super cute…]]></document>
    <document><![CDATA[RT #USER#: Get ready to fall in love with the taste of this light and fluffy no-bake  Pumpkin Spice Mousse. This will likely be you…]]></document>
    <document><![CDATA[X-Men: Dark Phoenix Collectible SteelBook available now #USER#, a great #HASHTAG# film. I am excited to pick up my co… #URL#]]></document>
    <document><![CDATA[RT #USER#: Eating Vegan at the San Diego Zoo. San Diego Zoo Global is committed to saving species around the world and we love their…]]></document>
    <document><![CDATA[RT #USER#: X-Men: Dark Phoenix 4K Blu-ray Collectible SteelBook, is out now at #USER# ! Get your SteelBook while supplies last.  #HASHTAG#…]]></document>
    <document><![CDATA[RT #USER#: You’ve read about them. You’ve seen them all over instagram and you are ready to dive in and get your child into the b…]]></document>
    <document><![CDATA[RT #USER#: Do motion sickness bands really work? My daughter and I were given #USER# bracelets to test on our cruise. Read more…]]></document>
    <document><![CDATA[RT #USER#: Make Time-Outs smoother for you and your child with Stoplight Golight Timer! #HASHTAG# #HASHTAG# #HASHTAG# #HASHTAG#…]]></document>
  </documents>
</author>
