<author lang="en">
  <documents>
    <document><![CDATA[Roddy Ricch Returns to No. 1 for Fourth Week on Billboard 200 Albums Chart #HASHTAG# #URL# #URL#]]></document>
    <document><![CDATA[Sam Smith fears they will be mis-gendered forever #HASHTAG# #URL#]]></document>
    <document><![CDATA[Robbie Williams and Ayda Field welcome fourth child via surrogate mother #HASHTAG# #URL#]]></document>
    <document><![CDATA[Justin Bieber's 'Changes' Album Set for No. 1 Debut on Billboard 200 Chart #HASHTAG# #URL# #URL#]]></document>
    <document><![CDATA[The 1975’s Matty Healy says the band already have new songs beyond ‘Notes On A Conditional Form’ #HASHTAG#… #URL#]]></document>
    <document><![CDATA[Justin Bieber &amp; Quavo Happily Bounce Through 'Intentions' on 'The Tonight Show': Watch #HASHTAG#… #URL#]]></document>
    <document><![CDATA[Sci-Fi Film Inspired by Emerson, Lake and Palmer’s ‘Karn Evil 9’ in Development #HASHTAG# #URL# #URL#]]></document>
    <document><![CDATA[James Blake defends girlfriend over Munchausen's syndrome claims #HASHTAG# #URL#]]></document>
    <document><![CDATA[The Big Moon say festival bosses not working towards gender balanced line-ups are “full of shit” #HASHTAG#… #URL#]]></document>
    <document><![CDATA[R. Kelly Faces New Federal Indictment for Sexually Abusing a Minor #HASHTAG# #URL# #URL#]]></document>
    <document><![CDATA[BTS Announce 'Map of the Soul: 7' Tracklist &amp; Sia Collaboration 'On' #HASHTAG# #URL# #URL#]]></document>
    <document><![CDATA[Robbie Williams welcomes fourth child #HASHTAG# #URL#]]></document>
    <document><![CDATA[Fans Pick Billie Eilish's 'No Time to Die' Over Justin Bieber's 'Changes' For This Week's Best New Release #HASHTAG#… #URL#]]></document>
    <document><![CDATA[Adam Lambert &amp; Queen Revive Live Aid Spirit, Australian Talent Shines at Fire Fight Australia Concert #HASHTAG#… #URL#]]></document>
    <document><![CDATA[Nicky Jam Is Engaged! Watch His Sweet Valentine's Day Proposal To Girlfriend Cydney Moreau #HASHTAG#… #URL#]]></document>
    <document><![CDATA[Sia says she has two new albums “waiting to go” #HASHTAG# #URL#]]></document>
    <document><![CDATA[Gang Of Four share new song ‘The Dying Rays (2020)’ from upcoming EP ‘This Heaven Gives Me Migraine’ #HASHTAG# #URL#]]></document>
    <document><![CDATA[Jake Shears: ‘Every performer should be required to do The Masked Singer’ #HASHTAG# #URL#]]></document>
    <document><![CDATA[How NBA Trainer Chris Brickley Brings Drake, Justin Bieber &amp; More Together for His Celebrity Pick-Up Games #HASHTAG#… #URL#]]></document>
    <document><![CDATA[Rod Stewart appears to perform Nazi salute and assault security guard in newly released video #HASHTAG#… #URL#]]></document>
    <document><![CDATA[Billie Eilish set for first UK Number 1 single with James Bond theme 'No Time To Die' #HASHTAG# #URL#]]></document>
    <document><![CDATA[Justin Bieber &amp; Hailey Baldwin Party With Friends on Valentine's Day: See the Photos #HASHTAG# #URL# #URL#]]></document>
    <document><![CDATA[Banda MS Dedicates Record-Breaking L.A. Show to Kobe Bryant &amp; More Highlights #HASHTAG# #URL# #URL#]]></document>
    <document><![CDATA[Watch The Strokes kick off intimate European tour in Berlin #HASHTAG# #URL# #URL#]]></document>
    <document><![CDATA[BTS share tracklist and artwork for new album ‘MAP OF THE SOUL : 7’ #HASHTAG# #URL# #URL#]]></document>
    <document><![CDATA[The Eagles Fly High With Epic ‘Hotel California’ Show at Madison Square Garden #HASHTAG# #URL#]]></document>
    <document><![CDATA[Justin Bieber was 'reckless' in his relationship with Selena Gomez #HASHTAG# #URL#]]></document>
    <document><![CDATA[Federal Judge Allows Global Music Rights, Major Radio Stations to Air Their Antitrust Grievances #HASHTAG#… #URL#]]></document>
    <document><![CDATA[Kanye West Returns to Chicago for Soul-Stirring Sunday Service #HASHTAG# #URL# #URL#]]></document>
    <document><![CDATA[Laced Up: Virgil Abloh's OFF-WHITE X Nike Collaboration Continues With Air Jordan 5 #HASHTAG# #URL# #URL#]]></document>
    <document><![CDATA[Britney Spears leads the gallop on Valentine's Day social media posts #HASHTAG# #URL#]]></document>
    <document><![CDATA[Tom Grennan calls his upcoming second album a “thank you note” #HASHTAG# #URL#]]></document>
    <document><![CDATA[See Dame D.O.L.L.A. Perform With Lil Wayne, Jeremih at NBA All-Star Weekend #HASHTAG# #URL#]]></document>
    <document><![CDATA[Lady Gaga Shares Cozy Valentine's Day Pic With New Boyfriend Michael Polansky #HASHTAG# #URL# #URL#]]></document>
    <document><![CDATA[Adele Rocked Her Best Friend's Wedding As the Singer And Officiant: Watch #HASHTAG# #URL# #URL#]]></document>
    <document><![CDATA[Lil Pump announces that he’s quitting music: “I’m done” #HASHTAG# #URL# #URL#]]></document>
    <document><![CDATA[BTS Announce 'Map of the Soul: 7' Tracklist &amp; Sia Collaboration 'On,' Plus Troye Sivan-penned Track #HASHTAG#… #URL#]]></document>
    <document><![CDATA[Chance the Rapper Brings Out Special Guests, Pays Tribute to Kobe Bryant at 2020 NBA All-Star Game Halftime Sh… #URL#]]></document>
    <document><![CDATA[Jennifer Hudson Performs Emotional 'For All We Know' in Honor of Kobe Bryant at 2020 NBA All-Star Game #HASHTAG#… #URL#]]></document>
    <document><![CDATA[Adele confirms new album set for release in September #HASHTAG# #URL#]]></document>
    <document><![CDATA[Queen play 1985 Live Aid setlist “for first time in history” for Australian bushfire benefit #HASHTAG#… #URL#]]></document>
    <document><![CDATA[Watch Queen With Adam Lambert Replicate 1985 Live Aid Set at Australia Fire Fight Benefit Gig #HASHTAG#… #URL#]]></document>
    <document><![CDATA[Common Delivers Poetic Tribute to Chicago &amp; Kobe Bryant at 2020 NBA All-Star Game #HASHTAG# #URL# #URL#]]></document>
    <document><![CDATA[Original Masters Belonging to Nirvana, Soundgarden, Elton John, Peter Frampton Destroyed In Universal Studios… #URL#]]></document>
    <document><![CDATA[Rage Against the Machine raise over $3 million for charity while combating ticket scalpers #HASHTAG# #URL#]]></document>
    <document><![CDATA[Inside Justin Bieber’s Super-Chill ‘House Of Changes’ Album Release Party #HASHTAG# #URL# #URL#]]></document>
    <document><![CDATA[Queen perform Live Aid set at Fire Fight Australia gig #HASHTAG# #URL#]]></document>
    <document><![CDATA[Watch The 1975 debut new songs ‘Guys’ and ‘If You’re Too Shy (Let Me Know)’ as UK tour opens in Nott #HASHTAG#… #URL#]]></document>
    <document><![CDATA[Cody Simpson credits Miley Cyrus and sobriety for inspiring new music #HASHTAG# #URL#]]></document>
    <document><![CDATA[Ed Sheeran 'fan-girled out' when he met Green Day #HASHTAG# #URL#]]></document>
    <document><![CDATA[Jessie Ware's mother urged her to quit music after a 'shocker' of a set at Coachella #HASHTAG# #URL#]]></document>
    <document><![CDATA[Queen Latifah Covers Stevie Wonder's 'Love's in Need of Love Today' at NBA All-Star Saturday Night: Watch #HASHTAG#… #URL#]]></document>
    <document><![CDATA[Elton John abandons Auckland show early after walking pneumonia diagnosis: “I’m disappointed, deeply upset #HASHTAG#… #URL#]]></document>
    <document><![CDATA[Drake sued by tour stage designer #HASHTAG# #URL#]]></document>
    <document><![CDATA[Sam Smith: 'I'm going to be misgendered to the day I die' #HASHTAG# #URL#]]></document>
    <document><![CDATA[YouTube TV Is Blocking Apple In-App Subscriptions Starting in March — Is YouTube Music Next? #HASHTAG#… #URL#]]></document>
    <document><![CDATA[Green Day’s Billie Joe Armstrong teases crowd-pleasing Hella Mega Tour setlist, promising “all the favour #HASHTAG#… #URL#]]></document>
    <document><![CDATA[Elton John Forced to End Show Early and In Tears Due to Walking Pneumonia #HASHTAG# #URL# #URL#]]></document>
    <document><![CDATA[Stormzy challenges Wiley to clash as beef heats up again #HASHTAG# #URL# #URL#]]></document>
    <document><![CDATA[Metallica reschedule their first show of 2020 #HASHTAG# #URL# #URL#]]></document>
    <document><![CDATA[Justin Timberlake pelted with urine at 2003 benefit #HASHTAG# #URL#]]></document>
    <document><![CDATA[The woman from Black Sabbath’s iconic debut album cover has been identified #HASHTAG# #URL#]]></document>
    <document><![CDATA[Adele has revealed her new album is coming out in September #HASHTAG# #URL#]]></document>
    <document><![CDATA[James Blake on Caroline Flack’s death: “This is the effect of online and print bullying” #HASHTAG# #URL#]]></document>
    <document><![CDATA[Jennifer Hudson led an eight-second silence to Kobe Bryant at the NBA All-Star game in  #HASHTAG# #URL#]]></document>
    <document><![CDATA[Justin Bieber Has Finally Shaved And Rid His Face of 'Mustachio' #HASHTAG# #URL# #URL#]]></document>
    <document><![CDATA[Watch Justin Bieber Perform ‘Intentions’ With Quavo on ‘Fallon’ #HASHTAG# #URL#]]></document>
    <document><![CDATA[Clairo releases surprise new track ‘february 15, 2020 london, uk (demo)’ #HASHTAG# #URL#]]></document>
    <document><![CDATA[Watch The 1975 debut new songs ‘Guys’ and ‘If You’re Too Shy (Let Me Know)’ as UK tour opens in Nott #HASHTAG#… #URL#]]></document>
    <document><![CDATA[Olly Murs’ heart is 'forever broken' following the death of Caroline Flack #HASHTAG# #URL#]]></document>
    <document><![CDATA[Watch Arcade Fire play first show in two years at Kanaval Ball in New Orleans #HASHTAG# #URL# #URL#]]></document>
    <document><![CDATA[Louis Tomlinson is already planning his second solo album #HASHTAG# #URL#]]></document>
    <document><![CDATA[The Vinyl Alliance Officially Responds to the Apollo Masters Fire #HASHTAG# #URL# #URL#]]></document>
    <document><![CDATA[Jennifer Lopez Shares Stripped-Down 'Re-Charged' Selfie Following Her Super Bowl Triumph #HASHTAG#… #URL#]]></document>
    <document><![CDATA[Ne-Yo and his wife heading for divorce after three-year marriage #HASHTAG# #URL#]]></document>
    <document><![CDATA[Warner Music Group’s A&amp;R Costs Say a Lot About How Much Labels Need to Spend on Artists in Today&amp;rsq #HASHTAG#… #URL#]]></document>
    <document><![CDATA[Federal Judge Allows GMR Songwriters to Have Their Day in Court in Antitrust Lawsuit Against RMLC #HASHTAG#… #URL#]]></document>
    <document><![CDATA[Megan Thee Stallion Rings In Her Birthday in Bright Blue: See the Photos #HASHTAG# #URL# #URL#]]></document>
    <document><![CDATA[Ne-Yo is divorcing his wife Crystal Renay #HASHTAG# #URL#]]></document>
    <document><![CDATA[Julia Stone announces ‘Songs For Australia’ charity covers album with The National, Kurt Vile and more #HASHTAG# #URL#]]></document>
    <document><![CDATA[Jennifer Hudson Wraps Filming Aretha Franklin Biopic 'Respect': 'It Was My Honor' #HASHTAG# #URL#]]></document>
    <document><![CDATA[Susan Boyle wants to release songs about climate change #HASHTAG# #URL#]]></document>
    <document><![CDATA[Julia Stone announces ‘Songs For Australia’ charity covers album with The National, Kurt Vile and mre #HASHTAG# #URL#]]></document>
    <document><![CDATA[Chris Hopson, Longtime Tower Records Executive, Dead at 67 #HASHTAG# #URL# #URL#]]></document>
    <document><![CDATA[Nick Cannon 'doesn't believe in marriage anymore' following Mariah Carey divorce #HASHTAG# #URL#]]></document>
    <document><![CDATA[Susan Boyle's team thought she'd been 'kidnapped' when she went on a date #HASHTAG# #URL#]]></document>
    <document><![CDATA['Jagged Little Pill' Matinee Evacuated After Patron Deploys Pepper Spray #HASHTAG# #URL# #URL#]]></document>
    <document><![CDATA[Selena Gomez Teases March Madness Promo Feat. 'Dance Again': Watch #HASHTAG# #URL# #URL#]]></document>
    <document><![CDATA[Nicola Roberts is to release new music for the first time in seven years #HASHTAG# #URL#]]></document>
    <document><![CDATA[‘Fortnite’ now has a Rick Astley ‘Never Gonna Give You Up’ emote #HASHTAG# #URL#]]></document>
    <document><![CDATA[The Cure’s Robert Smith on their “two new albums and an hour of noise” #HASHTAG# #URL# #URL#]]></document>
    <document><![CDATA[Ne-Yo Confirms Split With Crystal Smith: 'I Will Always Respect Her' #HASHTAG# #URL# #URL#]]></document>
    <document><![CDATA[Walking pneumonia prompts Elton John to cut short Auckland gig #HASHTAG# #URL#]]></document>
    <document><![CDATA[After Five Year Battle, Jury Awards 'Thunder on the Mountain' Founder $7 Million Judgment vs. Former Partner #HASHTAG#… #URL#]]></document>
    <document><![CDATA[Elton John Cuts Concert Short After Bout With ‘Walking Pneumonia’ #HASHTAG# #URL#]]></document>
    <document><![CDATA[Frightened Rabbit to auction Scott Hutchison drawings for Australian bushfire relief #HASHTAG# #URL#]]></document>
    <document><![CDATA[Justin Bieber's Emotional Interview With Zane Lowe: Here Are the 10 Highlights #HASHTAG# #URL# #URL#]]></document>
    <document><![CDATA[Martina McBride found liable in former employee's dismissal lawsuit #HASHTAG# #URL#]]></document>
    <document><![CDATA[Kylie Jenner and Travis Scott are reportedly 'working on getting back together' #HASHTAG# #URL#]]></document>
    <document><![CDATA[Fire Fight Australia All-Star Concert Raises Almost $10M For Bushfire Relief #HASHTAG# #URL# #URL#]]></document>
  </documents>
</author>
