<author lang="en">
  <documents>
    <document><![CDATA[Pregnant Chloë Sevigny Clicked Out for Lunch in New York 5 Feb-2020 #URL#]]></document>
    <document><![CDATA[Jenna Ortega Clicked in Bello Magazine - February 2020 #URL# #HASHTAG# #HASHTAG#]]></document>
    <document><![CDATA[Kaia Jordan Gerber and Tommy Dorfman Leaves a Gym in New York 5 Feb-2020 #URL#]]></document>
    <document><![CDATA[Samara Weaving Featured for Mastermind Magazine - 2020 #URL# #HASHTAG# #HASHTAG#]]></document>
    <document><![CDATA[Amanda Stanton And  Andi Dorfman Clicked in Bikinis in Tulum 5 Feb -2020 #URL#]]></document>
    <document><![CDATA[Abigail Spencer Clicks at 2020 Vanity Fair Oscar Party in Beverly Hills 9 feb-2020 #URL#… #URL#]]></document>
    <document><![CDATA[Camila Morrone Clicks at 2020 Vanity Fair Oscar Party in Beverly Hills9 Feb-2020 #URL# #HASHTAG# #HASHTAG#]]></document>
    <document><![CDATA[Jennifer Metcalfe Clicks at National Television Awards 2020 in London 28 Jan-2020 #URL#]]></document>
    <document><![CDATA[Jessica Hart Clicked Out with Her Dog in Los Angeles 5 Feb-2020 #URL#]]></document>
    <document><![CDATA[Danielle Cohn Instagram Clicks Feb-2020 #URL# #HASHTAG# #HASHTAG#]]></document>
    <document><![CDATA[Paris Jackson Clicks at 2020 Vanity Fair Oscar Party in Beverly Hills 9 Feb-2020 #URL#]]></document>
    <document><![CDATA[Nicky Hilton Rothschild Clicks at 2020 Vanity Fair Oscar Party in Beverly Hills 9 Feb-2020 #URL#]]></document>
    <document><![CDATA[Laura Dern Featured for Another Magazine - Spring/Summer 2020 #URL# #HASHTAG# #HASHTAG#]]></document>
    <document><![CDATA[Amber Valletta Featured in Vogue Magazine, Mexico &amp; Latin America February 2020 #URL#]]></document>
    <document><![CDATA[Lana Condor Clciks at 2020 Vanity Fair Oscar Party in Beverly Hills 9 feb-2020 #URL# #HASHTAG# #HASHTAG#]]></document>
    <document><![CDATA[Kendall Jenner Featured in Vogue Magazine - March 2020 #URL# #HASHTAG# #HASHTAG#]]></document>
    <document><![CDATA[Kimberley Garner Clicks at Sports Illustrated -The Party in Miami 1 Feb-2020 #URL#]]></document>
    <document><![CDATA[Rowan Blanchard Clicks at 2020 Vanity Fair Oscar Party in Beverly Hills 9 Feb-2020 #URL#… #URL#]]></document>
    <document><![CDATA[Sara Sampaio Clicks at 2020 Vanity Fair Oscar Party in Beverly Hills 9 Feb-2020 #URL# #HASHTAG# #HASHTAG#]]></document>
    <document><![CDATA[Chelcee Grimes And Megan Barton Hanson Clicked in Bikinis at a Beach in Maldives 26 Jan-2020 #URL#]]></document>
    <document><![CDATA[Emily Blunt Featured in Marie Claire Magazine - March 2020 #URL#]]></document>
    <document><![CDATA[Liv Tyler Clicked on the Set of 911 Lone Star in Los ANgeles 5 Feb-2020 #URL# #HASHTAG# #HASHTAG#]]></document>
    <document><![CDATA[Kimberley Garner Clicks at Sports Illustrated -The Party in Miami 1 Feb-2020 #URL# #HASHTAG# #HASHTAG#]]></document>
    <document><![CDATA[Nicky Hilton Rothschild Clicks at 2020 Vanity Fair Oscar Party in Beverly Hills 9 Feb-2020 #URL#… #URL#]]></document>
    <document><![CDATA[Salma Hayek CLicks at 2020 Vanity Fair Oscar Party in Beverly Hills 9 Feb-2020 #URL# #HASHTAG# #HASHTAG#]]></document>
    <document><![CDATA[Jenna Ortega Clicked in Bello Magazine - February 2020 #URL#]]></document>
    <document><![CDATA[Kaia Jordan Gerber Featured in Vogue Magazine - March 2020 #URL# #HASHTAG# #HASHTAG#]]></document>
    <document><![CDATA[Blac Chyna at LAX Airport in Los Angeles 5 Feb-2020 #URL#]]></document>
    <document><![CDATA[Eiza Gonzalez Clicked in Tights Out in Los Angeles 5 Feb -2020 #URL# #HASHTAG# #HASHTAG#]]></document>
    <document><![CDATA[Salma Hayek CLicks at 2020 Vanity Fair Oscar Party in Beverly Hills 9 Feb-2020 #URL#]]></document>
    <document><![CDATA[Kaia Jordan Gerber and Tommy Dorfman Leaves a Gym in New York 5 Feb-2020 #URL# #HASHTAG# #HASHTAG#]]></document>
    <document><![CDATA[Lauren Silverman Leaves 34 Restaurant in London 5 Feb-2020 #URL# #HASHTAG# #HASHTAG#]]></document>
    <document><![CDATA[Tana Mongeau Instagram Clicks -Feb 2020 #URL# #HASHTAG# #HASHTAG#]]></document>
    <document><![CDATA[Samara Weaving Featured for Mastermind Magazine - 2020 #URL#]]></document>
    <document><![CDATA[Camila Morrone Clicks at 2020 Vanity Fair Oscar Party in Beverly Hills9 Feb-2020 #URL#]]></document>
    <document><![CDATA[Isabella Fonte Featured for Chick NYC Spring 2020 Collection #URL# #HASHTAG# #HASHTAG#]]></document>
    <document><![CDATA[DaniLeigh Clicked in Bikini at a Beach in Miami 5 Feb-2020 #URL#]]></document>
    <document><![CDATA[Laura Dern Featured for Another Magazine - Spring/Summer 2020 #URL#]]></document>
    <document><![CDATA[Camille Kostek Clicks at a Beach in Miami 5 Feb-2020 #URL#]]></document>
    <document><![CDATA[Lana Condor Clciks at 2020 Vanity Fair Oscar Party in Beverly Hills 9 feb-2020 #URL#]]></document>
    <document><![CDATA[April Love Geary Leaves a Salon at Malibu Country Mart 5 Feb-2020 #URL# #HASHTAG# #HASHTAG#]]></document>
    <document><![CDATA[Stella Banderas and Antonio Banderas and Nicole Kimpel Clicks at 92nd Annual Academy Awards in Los Angeles 9 Feb-20… #URL#]]></document>
    <document><![CDATA[Chelcee Grimes And Megan Barton Hanson Clicked in Bikinis at a Beach in Maldives 26 Jan-2020… #URL#]]></document>
    <document><![CDATA[Karlee Grey Instagram Shots Feb -2020 #URL# #HASHTAG# #HASHTAG#]]></document>
    <document><![CDATA[Meg Donnelly Featured for Composure Magazine - February 2020 #URL# #HASHTAG# #HASHTAG#]]></document>
    <document><![CDATA[Lucy Hale Celebrates Katy Keene Windows at Saks Fifth Avenue in New York 5 Feb-2020 #URL#]]></document>
    <document><![CDATA[Amanda Stanton And  Andi Dorfman Clicked in Bikinis in Tulum 5 Feb -2020 #URL# #HASHTAG# #HASHTAG#]]></document>
    <document><![CDATA[Halston Sage Clicks at 2020 Vanity Fair Oscar Party in Beverly Hills 9 Feb-2020 #URL# #HASHTAG# #HASHTAG#]]></document>
    <document><![CDATA[Halston Sage Clicks at 2020 Vanity Fair Oscar Party in Beverly Hills 9 Feb-2020 #URL#]]></document>
    <document><![CDATA[Camille Kostek Clicks at a Beach in Miami 5 Feb-2020 #URL# #HASHTAG# #HASHTAG#]]></document>
    <document><![CDATA[Lucy Hale Featured in 1883 Magazine -February 2020 #URL# #HASHTAG# #HASHTAG#]]></document>
    <document><![CDATA[Anne Winters Clicked in Bikini – Instagram Photos  25 Jan-2020 #URL# #HASHTAG# #HASHTAG#]]></document>
    <document><![CDATA[Dove Cameron Clicks at Carolina Herrera Fashion Show in New York 10 Feb-2020 #URL# #HASHTAG# #HASHTAG#]]></document>
    <document><![CDATA[Amber Valletta Featured in Vogue Magazine, Mexico &amp; Latin America February 2020 #URL# #HASHTAG# #HASHTAG#]]></document>
    <document><![CDATA[Lake Bell Clicks at 2020 Vanity Fair Oscar Party in Beverly Hills 9 Feb-2020 #URL#]]></document>
    <document><![CDATA[Ana de Armas Clicked For No Time To Die Related Photoshoot - 2020 #URL#]]></document>
    <document><![CDATA[Abigail Spencer Clicks at 2020 Vanity Fair Oscar Party in Beverly Hills 9 feb-2020 #URL#]]></document>
    <document><![CDATA[Emma Chamberlain Instagram Clicks Feb -2020  #URL# #HASHTAG# #HASHTAG#]]></document>
    <document><![CDATA[Lucy Hale Featured in 1883 Magazine -February 2020 #URL#]]></document>
    <document><![CDATA[Lake Bell Clicks at 2020 Vanity Fair Oscar Party in Beverly Hills 9 Feb-2020 #URL# #HASHTAG# #HASHTAG#]]></document>
    <document><![CDATA[Stella Banderas and Antonio Banderas and Nicole Kimpel Clicks at 92nd Annual Academy Awards in Los Angeles 9 Feb-20… #URL#]]></document>
    <document><![CDATA[Rowan Blanchard Clicks at 2020 Vanity Fair Oscar Party in Beverly Hills 9 Feb-2020 #URL#]]></document>
    <document><![CDATA[April Love Geary Leaves a Salon at Malibu Country Mart 5 Feb-2020 #URL#]]></document>
    <document><![CDATA[Cindy Crawford Clicked Out for Coffee in New York 5 Feb-2020 #URL# #HASHTAG# #HASHTAG#]]></document>
    <document><![CDATA[Dove Cameron Clicks at Carolina Herrera Fashion Show in New York 10 Feb-2020 #URL#]]></document>
    <document><![CDATA[DaniLeigh Clicked in Bikini at a Beach in Miami 5 Feb-2020 #URL# #HASHTAG# #HASHTAG#]]></document>
    <document><![CDATA[Cindy Crawford Clicked Out for Coffee in New York 5 Feb-2020 #URL#]]></document>
    <document><![CDATA[Lena The Plug Instagram Clicks Feb -2020 #URL#]]></document>
    <document><![CDATA[Lili Reinhart Featured in Allure Magazine -February 2020 #URL# #HASHTAG# #HASHTAG#]]></document>
    <document><![CDATA[Liv Tyler Clicked on the Set of 911 Lone Star in Los ANgeles 5 Feb-2020 #URL#]]></document>
    <document><![CDATA[Irina Shayk Clicks at Bafta Vogue x Tiffany Fashion and Film After-party in London 2 Feb-2020… #URL#]]></document>
    <document><![CDATA[Kendall Jenner at a Photoshoot in Miami  Feb -5 -2020 #URL# #HASHTAG# #HASHTAG#]]></document>
    <document><![CDATA[Blac Chyna at LAX Airport in Los Angeles 5 Feb-2020 #URL# #HASHTAG# #HASHTAG#]]></document>
    <document><![CDATA[Gemma Arterton Clicks at Bafta Vogue x Tiffany Fashion and Film After-party in London 2 Feb-2020… #URL#]]></document>
    <document><![CDATA[Kendall Jenner at a Photoshoot in Miami  Feb -5 -2020 #URL#]]></document>
    <document><![CDATA[Maisie Williams– The New Mutants Promos -2020 #URL# #HASHTAG# #HASHTAG#]]></document>
    <document><![CDATA[Malu Trevejo Instagram Clicks 11 Feb-2020 #URL# #HASHTAG# #HASHTAG#]]></document>
    <document><![CDATA[Pregnant Chloë Sevigny Clicked Out for Lunch in New York 5 Feb-2020 #URL# #HASHTAG# #HASHTAG#]]></document>
    <document><![CDATA[Gemma Arterton Clicks at Bafta Vogue x Tiffany Fashion and Film After-party in London 2 Feb-2020 #URL#]]></document>
    <document><![CDATA[Katie McGlynn Clicked in Swimsuit at a Pool in Mexico 22 Jan-2020 #URL# #HASHTAG# #HASHTAG#]]></document>
    <document><![CDATA[Paris Jackson Clicks at 2020 Vanity Fair Oscar Party in Beverly Hills 9 Feb-2020 #URL# #HASHTAG# #HASHTAG#]]></document>
    <document><![CDATA[Emily Blunt Featured in Marie Claire Magazine - March 2020 #URL# #HASHTAG# #HASHTAG#]]></document>
    <document><![CDATA[Kacey Musgraves Leaves Bowery Hotel 5 Feb-2020 #URL# #HASHTAG# #HASHTAG#]]></document>
    <document><![CDATA[Isabella Fonte Featured for Chick NYC Spring 2020 Collection #URL#]]></document>
    <document><![CDATA[Lena The Plug Instagram Clicks Feb -2020 #URL# #HASHTAG# #HASHTAG#]]></document>
    <document><![CDATA[Avril Lavigne Performance Clicks at Tsunami Relief Benefit Concert in Vancouver 29 Jan-2020 #URL#… #URL#]]></document>
    <document><![CDATA[Avril Lavigne Performance Clicks at Tsunami Relief Benefit Concert in Vancouver 29 Jan-2020 #URL#]]></document>
    <document><![CDATA[Lili Reinhart Featured in Allure Magazine -February 2020 #URL#]]></document>
    <document><![CDATA[Maisie Williams– The New Mutants Promos -2020 #URL#]]></document>
    <document><![CDATA[Katie McGlynn Clicked in Swimsuit at a Pool in Mexico 22 Jan-2020 #URL#]]></document>
    <document><![CDATA[Kaia Jordan Gerber Featured in Vogue Magazine - March 2020 #URL#]]></document>
    <document><![CDATA[Meg Donnelly Featured for Composure Magazine - February 2020 #URL#]]></document>
    <document><![CDATA[Emma Chamberlain Instagram Clicks Feb -2020 #URL#]]></document>
    <document><![CDATA[Malu Trevejo Instagram Shots 14 Feb-2020 #URL# #HASHTAG# #HASHTAG#]]></document>
    <document><![CDATA[Kacey Musgraves Leaves Bowery Hotel 5 Feb-2020 #URL#]]></document>
    <document><![CDATA[Irina Shayk Clicks at Bafta Vogue x Tiffany Fashion and Film After-party in London 2 Feb-2020 #URL#]]></document>
    <document><![CDATA[Sara Sampaio Clicks at 2020 Vanity Fair Oscar Party in Beverly Hills 9 Feb-2020 #URL#]]></document>
    <document><![CDATA[Jennifer Metcalfe Clicks at National Television Awards 2020 in London 28 Jan-2020 #URL# #HASHTAG# #HASHTAG#]]></document>
    <document><![CDATA[Jessica Hart Clicked Out with Her Dog in Los Angeles 5 Feb-2020 #URL# #HASHTAG# #HASHTAG#]]></document>
    <document><![CDATA[Lucy Hale Celebrates Katy Keene Windows at Saks Fifth Avenue in New York 5 Feb-2020 #URL#… #URL#]]></document>
  </documents>
</author>
