<author lang="en">
  <documents>
    <document><![CDATA[Open house!!!! Yeah I love open houses please come by and bring your friends and family! Let’s have a great open ho… #URL#]]></document>
    <document><![CDATA[Get to Know the Cast of ‘The Biggest Loser’ #URL#]]></document>
    <document><![CDATA[Phenix Salon Suites Opening Soon in Midtown, Akers Mill]]></document>
    <document><![CDATA[RT #USER#: This cast is a (para)SITE to see on the #HASHTAG#  👀 #HASHTAG# #HASHTAG# #URL#]]></document>
    <document><![CDATA['Twinnn': Keyshia Cole Fans Marvel Over How Much Her 9-Year-Old Son Looks Like Her #URL#]]></document>
    <document><![CDATA[Billy Porter Slayed the Grammys in 70,000 Crystals and a Remote-Controlled Hat #URL#]]></document>
    <document><![CDATA[Is the Airport Your Runway? Meet 4 Travel Bags That Marry Fashion and Function #URL#]]></document>
    <document><![CDATA[RT #USER#: Ready for the CEO treatment? Check back on this thread to catch up on every #HASHTAG# episode this season 💅 https:/…]]></document>
    <document><![CDATA[RT #USER#: The #HASHTAG# team is in the building with a very special guest,  Deandre Arnold, the Texas teen who was told his dreadlocks v…]]></document>
    <document><![CDATA['Mamii Fine Asf': Evelyn Lozada Leaves Fans Agape With This Enticing Lacy ’Fit #URL#]]></document>
    <document><![CDATA[RT #USER#: Smooth Jay is the best Jay #HASHTAG# #URL#]]></document>
    <document><![CDATA[How to Turn Your Side Hustle Into Your Main Gig #URL#]]></document>
    <document><![CDATA[RT #USER#: And we’re live! Julia Butters is on the #HASHTAG# red carpet, and she came prepared with a homemade snack in her purse (it’s a tu…]]></document>
    <document><![CDATA[RT #USER#: The #HASHTAG# #HASHTAG# looks are going to be unforgettable. 👗✨ Watch us #HASHTAG# starting NOW! #URL#…]]></document>
    <document><![CDATA[In Praise of American Cheese #URL#]]></document>
    <document><![CDATA[RT #USER#: It’s the #HASHTAG#—anything can happen.💫 #HASHTAG# #HASHTAG# #URL#]]></document>
    <document><![CDATA[RT #USER#: Prince Harry reportedly “misses his friends” and connects with them through a WhatsApp group chat where “the group is always sh…]]></document>
    <document><![CDATA[John Legend and Chrissy Teigen Had a Moment on the Grammys Red Carpet #URL#]]></document>
    <document><![CDATA[RT #USER#: Just a couple of brunch babes at the #USER#. 💁 🥂 #HASHTAG# #HASHTAG# #URL#]]></document>
    <document><![CDATA[The Work Diary of Jessica Walsh, Designing (and Wining) Woman #URL#]]></document>
    <document><![CDATA[Lizzo Goes Glamorous in a White Sleeveless Dress and Diamonds at the 2020 Grammys #URL#]]></document>
    <document><![CDATA[RT #USER#: We're LIVE from the #HASHTAG# red carpet! And trust us when we say: #USER#, if you're a bird we're a bird. #URL#…]]></document>
    <document><![CDATA[City of Atlanta City Council met January 21  #URL#]]></document>
    <document><![CDATA['There Are Some That Should Just Go Away': K. Michelle Says Today’s R&amp;B Music ‘Is Boring,’ Drops New Album #URL#]]></document>
    <document><![CDATA[Billie Eilish Was Homeschooled, and Does She Regret It? #URL#]]></document>
    <document><![CDATA[RT #USER#: Keeping in mind that Zendaya stands at about five-foot-ten, Jacob Elordi would appear to be … we don’t know, like six-foot-seve…]]></document>
    <document><![CDATA['Eyes Of A Goddess': Tami Roman Serves Face and Fans Are Left in Awe #URL#]]></document>
    <document><![CDATA[RT #USER#: Zazie Beetz says her #HASHTAG# look is “dominatrix meets Breakfast at Tiffany’s” #URL#]]></document>
    <document><![CDATA['It's No Longer a Hidden Jewel': Iconic Murals Depicting Amistad Rebellion Moved to New Museum on Talladega College… #URL#]]></document>
    <document><![CDATA[RT #USER#: Game on! 🏆 It's the Vanderpump Ladies versus the Vanderpump Gents at the #HASHTAG#. #USER# #HASHTAG# #HASHTAG#…]]></document>
    <document><![CDATA[The Super Bowl Is Problematic. Why Can’t We Look Away? #URL#]]></document>
    <document><![CDATA[The Freshwater Giants Are Dying #URL#]]></document>
    <document><![CDATA[RT #USER#: Regina King is glowing in #USER#. #HASHTAG# #URL#]]></document>
    <document><![CDATA[Open house!!!! Yeah I love open houses please come by and bring your friends and family! Let’s have a great open ho… #URL#]]></document>
    <document><![CDATA[Valentine's Day Hans Solo Party at Hampton + Hudson - Atlanta on the Cheap #URL#]]></document>
    <document><![CDATA[Who Wore It Best? K. Michelle and Jordyn Woods Claw It Out In Sexy Tiger Striped Swimwear #URL#]]></document>
    <document><![CDATA[RT #USER#: Thanks for hosting our #HASHTAG#  #USER#! 🤩 Now it's time for #HASHTAG#! #URL#]]></document>
    <document><![CDATA[#HASHTAG# in #HASHTAG# #HASHTAG# #HASHTAG# come through this house is for you!!! Really great location an… #URL#]]></document>
    <document><![CDATA[Kamiyah Mobley Continues to Struggle with Relationship with Biological Mom and Woman Who Abducted Her At Birth: 'It… #URL#]]></document>
    <document><![CDATA[RT #USER#: Amber Rose Debuts 'Slash' and 'Bash' Face Tattoos in Honor of Her Two Children #URL#]]></document>
    <document><![CDATA[Valentines Day: Share a kiss for a BOGO free entrée at Qdoba Mexican Eats - Atlanta on the Cheap #URL#]]></document>
    <document><![CDATA[RT #USER#: FINALLY! The #HASHTAG# are tonight — who are you most excited to see? #URL#]]></document>
    <document><![CDATA[FREE Beyond Meat menu item at Hardees with drink purchase on Feb. 3rd - Atlanta on the Cheap #URL#]]></document>
    <document><![CDATA[What Makes a Collaboration Successful in 2020? #URL#]]></document>
    <document><![CDATA[RT #USER#: Bong Joon-ho squad, assemble 🏆 #HASHTAG# #URL#]]></document>
    <document><![CDATA[Husband of Helicopter Crash Victim Christina Mauser Speaks Out: I Have ’3 Kids and No Mom’ #URL#]]></document>
    <document><![CDATA[Pinterest Adds Pan-African Flag, Curated Content to Black History Month Searches #URL#]]></document>
    <document><![CDATA['Special': Kanye West is Bringing 'Sunday Service' to Super Bowl Weekend #URL#]]></document>
    <document><![CDATA[RT #USER#: Grant Henry Relocates Church Murch, Closes Church Annex, Will Sell Building For $1.7 MM]]></document>
    <document><![CDATA[Exclusive renderings: Aloft hotel and another retail hub unveiled for Summerhill #URL#]]></document>
    <document><![CDATA[RT #USER#: Tag yourself. We're #USER#. #HASHTAG# #HASHTAG# #URL#]]></document>
    <document><![CDATA[The Oprah Winfrey Network Has Tapped Jennifer Giddens #URL#]]></document>
    <document><![CDATA[6 Ways to Make Your Bathroom Funnier #URL#]]></document>
    <document><![CDATA[RT #USER#: “Christopher John Rogers is pure oxygen. In terms of the big-bowwow dress numbers, he is the best thing to come along in Americ…]]></document>
    <document><![CDATA['Let Us Breathe': Cynthia Bailey's Golden Beauty Has Fans Gasping for Air #URL#]]></document>
    <document><![CDATA[Handsome Victorian at Piedmont Park’s doorstep dates to 1915, costs $1.6M #URL#]]></document>
    <document><![CDATA[Meghan McCain Blames Whoopi 'Having a Bad Day' After That Epic On-Air Shut Down: 'I Forgive Her' #URL#]]></document>
    <document><![CDATA['Damm Thickness': Alexis Skyy Flashes Her Cheeks and Leaves Fans Tongue-Wagging #URL#]]></document>
    <document><![CDATA[RT #USER#: We're LIVE with #USER# and #USER#, sorry #USER# 😜#HASHTAG# #HASHTAG# #HASHTAG# #URL#…]]></document>
    <document><![CDATA[RT #USER#: “The funds that were illegally obtained in this case were intended to help the poorest among us. The funds were instead taken…]]></document>
    <document><![CDATA[Super Bowl 54 Was the Most Inclusive in the Game's History #URL#]]></document>
    <document><![CDATA[RT #USER#: The #HASHTAG# Are Here! See Every Single Star Hitting the Red Carpet at the 2020 Academy Awards ✨ #URL#]]></document>
    <document><![CDATA['Sis Like Ok I'm Done': Toya Wright's Video of Reign Working Out Has Fans Cackling #URL#]]></document>
    <document><![CDATA['That's How She Got Pregnant': Ciara’s Sexy Dance Moves Leaves Husband Russell Wilson Blushing #URL#]]></document>
    <document><![CDATA['Here We Go Again': Princess Love Fans Not Surprised After She Seems to Confirm Separation From Ray J #URL#]]></document>
    <document><![CDATA[Lawsuit: 9-Year-Old Black Girl's Suicide Caused by School's Indifference to Racist Bullying Allegedly at the Hands… #URL#]]></document>
    <document><![CDATA[Why Planters Killed Mr. Peanut at the Super Bowl #URL#]]></document>
    <document><![CDATA[Where to live in Atlanta in 2020 #URL#]]></document>
    <document><![CDATA[They're 'Using Good Families': Sunny Hostin Questions NFL's New Initiative with Families Impacted by Police Brutali… #URL#]]></document>
    <document><![CDATA[Check out what I just added to my closet on Poshmark: Top shop HALO High Ankle Boots. #URL# via #USER# #HASHTAG#]]></document>
    <document><![CDATA[The Ethics of Eating Meat - The Good Men Project #URL#]]></document>
    <document><![CDATA[The Secret on How to Make Love Last a Lifetime - The Good Men Project #URL#]]></document>
    <document><![CDATA[Cardi B Skipped The Grammys Red Carpet But Here's Her Look #URL#]]></document>
    <document><![CDATA[Kobe Bryant: Remembering His Legendary 20-Year Career #URL#]]></document>
    <document><![CDATA[RT #USER#: Laura Dern has arrived 👏👏👏 #HASHTAG# #URL#]]></document>
    <document><![CDATA['We Gon' Defend the Man Because He Gave Me a Job’: Nick Cannon Speaks on Terry Crews, Gabrielle Union ‘AGT’ Fiasco #URL#]]></document>
    <document><![CDATA[RT #USER#: The makeup trends that are taking over #HASHTAG#:  #URL#]]></document>
    <document><![CDATA[RT #USER#: .#USER# walks us through the listings of this year's most iconic film locations 🏡#USER# #HASHTAG# #HASHTAG#…]]></document>
    <document><![CDATA[Life of a real estate investor working and learning go hand in hand #HASHTAG# #HASHTAG# #HASHTAG#… #URL#]]></document>
    <document><![CDATA[How Ulla Johnson, Fashion Designer, Spends Her Sundays #URL#]]></document>
    <document><![CDATA[RT #USER#: I surprised my mom by reuniting her with her parents after 3 decades of them not seeing each other. Her parents live in…]]></document>
    <document><![CDATA[Grant Henry Relocates Church Murch, Closes Church Annex, Will Sell Building For $1.7 MM]]></document>
    <document><![CDATA[22 Restaurants to Grab Breakfast in Atlanta #URL#]]></document>
    <document><![CDATA[How to Dump a Guy Nicely - The Good Men Project #URL#]]></document>
    <document><![CDATA[2020 Women Trading on the Rise: What’s new in the Trading Sector? #URL#]]></document>
    <document><![CDATA[Miami Teen Was Promised College Scholarship Since Kindergarten — Now the Foundation Is Reneging #URL#]]></document>
    <document><![CDATA[RT #USER#: In attendance were familiar faces like Ashley Blaine Featherson, Ryan Destiny, Zola star Taylour Paige, Michael B. Jordan, and…]]></document>
    <document><![CDATA[A Grammys Red Carpet Fantasia #URL#]]></document>
    <document><![CDATA[Homes That Sold for Around $750,000 #URL#]]></document>
    <document><![CDATA[A Young Composer Takes On Opera’s Oldest Myth #URL#]]></document>
    <document><![CDATA[RT #USER#: Had such a good time at the 2020 #USER# Black Women In Hollywood Luncheon!  It’s always an honor to be in a room full of…]]></document>
    <document><![CDATA['Toxic AF': 'Black Ink Crew: Chicago' Fans Blast Don and Ashley on 'Messy' Marriage After Couple’s Explosive Confro… #URL#]]></document>
    <document><![CDATA[Naturally, David and Victoria Beckham’s Travel Style Is First Class #URL#]]></document>
    <document><![CDATA[Party in the Limo – Kylie Jenner With Travis Scott After the Oscars #URL#]]></document>
    <document><![CDATA[Michelle Obama wins Grammy award for audio version of memoir #URL#]]></document>
    <document><![CDATA[RT #USER#: You can watch the premiere of #USER# and #USER#'s new video for #HASHTAG# all day tomorrow starting at 9am on MTVU and MT…]]></document>
    <document><![CDATA['ZAMN': Angela Simmons Has Fans Shook in Red-Hot Minidress #URL#]]></document>
    <document><![CDATA[With 'Face It', Debbie Harry Looks Back — and Forward - The Good Men Project #URL#]]></document>
    <document><![CDATA['I See Cyn’: Joe Budden’s Pic With Son Goes Left When Fans Claim Toddler Resembles His Mother Cyn Santana #URL#]]></document>
    <document><![CDATA[RT #USER#: Why #USER# champions representation for *all* hair textures backstage: #URL#]]></document>
  </documents>
</author>
