<author lang="en">
  <documents>
    <document><![CDATA[4Front Announces Preliminary Third Quarter 2019 Systemwide Pro Forma Revenue and Earnings Release Date #URL#]]></document>
    <document><![CDATA[KeanuCon to immortalize Keanu Reeves with epic film festival #URL#]]></document>
    <document><![CDATA[Will Smith fights Will Smith in first trailer for Gemini Man: Watch #URL#]]></document>
    <document><![CDATA[Gesaffelstein announces North American fall tour #URL#]]></document>
    <document><![CDATA[Wendy Williams Has Completely Cut Off Estranged Husband Kevin Hunter #URL#]]></document>
    <document><![CDATA[Uber Fires Driver Accused of Killing Ex-UFC Fighter  #URL#]]></document>
    <document><![CDATA[4Front to open for adult-use sales at its Chicago dispensary #URL#]]></document>
    <document><![CDATA[Win vinyl reissues of the Galaxy Quest and American Beauty scores #URL#]]></document>
    <document><![CDATA[Sorry racists, Song of the South won’t make the jump to Disney+ #URL#]]></document>
    <document><![CDATA[Deadwood creator David Milch diagnosed with Alzheimer’s #URL#]]></document>
    <document><![CDATA[4Front’s Pure Ratios Business Showing Significant Growth; Product Featured at Super Bowl Event in Miami for The Dan… #URL#]]></document>
    <document><![CDATA[Luke Walton Accuser Kelli Tennant Holding Press Conference [Live Stream] #URL#]]></document>
    <document><![CDATA[WWE's Charlotte Flair 'Getting Serious' With Wrestler BF Andrade #URL#]]></document>
    <document><![CDATA[Donald Trump met with Twitter’s CEO to complain about losing followers #URL#]]></document>
    <document><![CDATA[Easter Bunny Vigilante Breaks Down Orlando Street Brawl #URL#]]></document>
    <document><![CDATA[Cro-Mags legal settlement results in two versions of Cro-Mags #URL#]]></document>
    <document><![CDATA[Robert Kraft Protective Order Granted, Spa Video Can't Be Released for Now #URL#]]></document>
    <document><![CDATA[Duckwrth details new Falling Man EP, shares “Love is Like a Moshpit”: Stream #URL#]]></document>
    <document><![CDATA[Life Is Beautiful announces 2019 lineup: Chance the Rapper, The Black Keys, Billie Eilish to headline #URL#]]></document>
    <document><![CDATA[The Growlers announce 2019 fall tour #URL#]]></document>
    <document><![CDATA[Conor McGregor Hit Me with Brutal, Cheap Shot on Video, Boxer Claims #URL#]]></document>
    <document><![CDATA[Ride announce new album This Is Not a Safe Place, share chipper single “Future Love”: Stream #URL#]]></document>
    <document><![CDATA[Babymetal announce first-ever headlining US arena show #URL#]]></document>
    <document><![CDATA[James Wan stakes adaptation of Stephen King’s ‘Salem’s Lot #URL#]]></document>
    <document><![CDATA[Extremely Rare Ty Cobb Baseball Card From 1915 Sells For $504K #URL#]]></document>
    <document><![CDATA[Devin Townsend Talks Empath Album, Spring Tour, and More #URL#]]></document>
    <document><![CDATA[Travis Scott sued by Three 6 Mafia’s DJ Paul over claims of copyright infringement #URL#]]></document>
    <document><![CDATA[Fans protest for Britney Spears’ release from psychiatric facility #URL#]]></document>
    <document><![CDATA[Luke Walton's Lawyer Claims Innocence, 'Accuser Is An Opportunist'  #URL#]]></document>
    <document><![CDATA[Film Review: Avengers: Endgame Brings 11 Years of Storytelling to a Satisfying End (And Beginning) #URL#]]></document>
    <document><![CDATA[4Front’s Kris Krane and Mission South Shore on CNBC #URL#]]></document>
    <document><![CDATA[Album Review: Lizzo Does It All on the Near-Flawless Cuz I Love You #URL#]]></document>
    <document><![CDATA[Wendy Williams Welfare Check, Caller Claimed Husband Was Poisoning Her #URL#]]></document>
    <document><![CDATA[Captain Marvel on '70s 'Shazam!' Show 'Memba Him?! #URL#]]></document>
    <document><![CDATA[Preparing your strata for an exterior painting project #URL#]]></document>
    <document><![CDATA[Offset Hit with 3 Charges for 2018 Arrest, Including Felony Gun Possession #URL#]]></document>
    <document><![CDATA[4Front Announces Progress on Non-Core Asset Divestitures and Additional Funding from Gotham Green Partners #URL#]]></document>
    <document><![CDATA[Britney Spears' BF Says She's 'Doing Amazing' Through Mental Health Crisis #URL#]]></document>
    <document><![CDATA[ScHoolboy Q drops new single “CrasH”: Stream #URL#]]></document>
    <document><![CDATA[Arrest Imminent for Coachella Woman Who Dumped Puppies in Trash Bin #URL#]]></document>
    <document><![CDATA[Britney Spears' Medications Triggered Her Mental Health Crisis  #URL#]]></document>
    <document><![CDATA[4Front to Participate in Virtual Investor Conference on Thurs., Jan. 9 #URL#]]></document>
    <document><![CDATA[Mickey Rourke screens spooky new tales by horror titans in trailer for Nightmare Cinema: Watch #URL#]]></document>
    <document><![CDATA[Over 50,000 People Attended Kanye West's Coachella Sunday Service  #URL#]]></document>
    <document><![CDATA[Olivia Culpo Won't Let Danny Amendola Stop Her Bikini Pics on IG  #URL#]]></document>
    <document><![CDATA[Britney Spears Speaks on Mental Health Treatment, Assures Fans She's Okay #URL#]]></document>
    <document><![CDATA[Lil Dicky Explains Why Kanye West Didn't Play Himself in 'Earth' Music Vid #URL#]]></document>
    <document><![CDATA[Avengers cast recaps the Marvel Cinematic Universe to “We Didn’t Start the Fire” on Fallon: Watch #URL#]]></document>
    <document><![CDATA['Y&amp;R' Bids Kristoff St. John Farewell in Emotional Episode #URL#]]></document>
    <document><![CDATA[4Front Celebrates Launch of Adult-Use Cannabis Sales at Mission Chicago Location #URL#]]></document>
    <document><![CDATA[Sofia Richie Rocks Sexy Bikini During Easter Getaway With Scott Disick #URL#]]></document>
    <document><![CDATA[Freddie Mitchell Says Donovan McNabb Cost him $40 Mil, He's A Jealous Hater! #URL#]]></document>
    <document><![CDATA[Dak Prescott Feeds Ezekiel Elliott Entire Bucket Of Popcorn At Stars Game #URL#]]></document>
    <document><![CDATA[Josh Brolin Jokes About Nude Thanos, Rebukes 'Avengers: Endgame' Spoilers #URL#]]></document>
    <document><![CDATA[Roy Jones Jr. Says Amir Khan Should Apologize For Quitting #URL#]]></document>
    <document><![CDATA[Aftershock festival: Tool, Slipknot, Blink-182, Rob Zombie, Korn, Marilyn Manson lead 2019 lineup #URL#]]></document>
    <document><![CDATA[Beyonce's Dad Mathew Knowles Doing Musical Based on Destiny's Child #URL#]]></document>
    <document><![CDATA[Ty Segall announces 2019 concert residencies in LA, New York, London, Paris, and more #URL#]]></document>
    <document><![CDATA[CHVRCHES announces North American summer tour dates #URL#]]></document>
    <document><![CDATA[Corrosion of Conformity announce summer 2019 North American tour with Crowbar #URL#]]></document>
    <document><![CDATA[Freddie Mercury's Handwritten Set List from 1978 Concert for Sale #URL#]]></document>
    <document><![CDATA[Beyoncé’s Lemonade arrives on Spotify and Apple Music three years after its release #URL#]]></document>
    <document><![CDATA[Nicolas Cage Angrily Sings 'Purple Rain' at Karaoke Bar After Filing Annulment #URL#]]></document>
    <document><![CDATA[Flying Lotus shares two new songs, “Spontaneous” feat. Little Dragon and “Takashi”: Stream #URL#]]></document>
    <document><![CDATA[4Front Reaches Deal to Divest Arkansas Assets #URL#]]></document>
    <document><![CDATA[4Front Introduces Initial Brightleaf (formerly Cannex) Brands to Massachusetts #URL#]]></document>
    <document><![CDATA[The Weeknd, SZA &amp; Travis Scott Shoot 'GoT' Music Video, 'Power is Power' #URL#]]></document>
    <document><![CDATA[Ronda Rousey Considering Quitting WWE After Having Baby  #URL#]]></document>
    <document><![CDATA[Travis Scott Sued by Three 6 Mafia's DJ Paul Over 'No Bystanders' #URL#]]></document>
    <document><![CDATA[MGK Celebrates 29th Birthday with Pete Davidson &amp; Hot Chicks #URL#]]></document>
    <document><![CDATA[Blink-182, Superman, and Metallica among most regularly used passwords, according to new cyber survey #URL#]]></document>
    <document><![CDATA[4Front Hires Chief Human Performance Officer to Drive Leadership and Employee Development #URL#]]></document>
    <document><![CDATA[4Front Announces Upcoming Conference Participation #URL#]]></document>
    <document><![CDATA[Nicolas Cage fiercely covers Prince’s “Purple Rain” at karaoke bar: Watch #URL#]]></document>
    <document><![CDATA[Fred Savage Harassment Lawsuit Dismissed, All Signs Point to Settlement #URL#]]></document>
    <document><![CDATA[Meghan Markle's Dad Thomas Not Going to UK for Birth of Royal Baby #URL#]]></document>
    <document><![CDATA[Kid Cudi Drops $10k on Postmates, Feeds Homeless Popeyes Chicken #URL#]]></document>
    <document><![CDATA[LeBron James Sends 'Very Special' Gift to Canelo Alvarez Training Camp! #URL#]]></document>
    <document><![CDATA[Russell Wilson to Seahawks Linemen, You Each Get $12k In Amazon! #URL#]]></document>
    <document><![CDATA[Bronn from Game of Thrones heading to The Dark Tower #URL#]]></document>
    <document><![CDATA[TMZ Live Jussie Smollett Case Osundairo Brothers Declare War #URL#]]></document>
    <document><![CDATA[Tim Heidecker announces new album, What the Brokenhearted Do…, shares “When I Get Up”: Stream #URL#]]></document>
    <document><![CDATA[Soulja Boy Thinks $500k Burglary at His Home Was Inside Job #URL#]]></document>
    <document><![CDATA[4Front Announces Third Quarter 2019 Financial Results #URL#]]></document>
    <document><![CDATA[Guess Who This Bow Beauty Turned Into! #URL#]]></document>
    <document><![CDATA[FKA twigs announces first tour dates in nearly three years [Updated] #URL#]]></document>
    <document><![CDATA[20 Essential Acts to Catch on Tour This Spring and Summer #URL#]]></document>
    <document><![CDATA[The Flaming Lips and The Claypool Lennon Delirium announce US summer tour #URL#]]></document>
    <document><![CDATA[Luke Walton Sued For Sexual Assault #URL#]]></document>
    <document><![CDATA[Justin Bieber's About a Year Away from Dropping New Album #URL#]]></document>
    <document><![CDATA[Robert Kraft Spa Masseuse Arrested After Video Shows Sexual Encounter #URL#]]></document>
    <document><![CDATA[Skillet and Sevendust announce co-headlining summer 2019 US tour #URL#]]></document>
    <document><![CDATA[Van Jones Praises Meek Mill, Kim K and T.I. for Prison Reform Efforts #URL#]]></document>
    <document><![CDATA[4Front Provides Integration and People Update #URL#]]></document>
    <document><![CDATA[$12 MILLION In Bogus Super Bowl, World Series Rings Seized In Customs Bust #URL#]]></document>
    <document><![CDATA[Exit 111 festival lineup: Guns N’ Roses, Deftones, Slayer, Lynyrd Skynyrd, Def Leppard, ZZ Top, and more #URL#]]></document>
    <document><![CDATA[TV Review: Cobra Kai Season Two Shows How Anyone Can Be The Hero, Not Just The Karate Kid #URL#]]></document>
    <document><![CDATA[Osundairo Brothers Sue Mark Geragos for Defamation in Jussie Smollett 'Attack' #URL#]]></document>
    <document><![CDATA[Mac DeMarco addresses Mitski controversy: “It’s ridiculous. It’s just music.” #URL#]]></document>
    <document><![CDATA[Disgruntled Beyoncé fan throws a lemon at Ariana Grande during Coachella set: Watch #URL#]]></document>
  </documents>
</author>
