<author lang="en">
  <documents>
    <document><![CDATA[Slamdance Film Festival Winners Led By 'Murmur' And 'Residue' #URL#]]></document>
    <document><![CDATA[Michael Bloomberg May Qualify For Debate Under New DNC Rules #URL#]]></document>
    <document><![CDATA[This made me so emotional. Thanks #USER# for always educating and sharing!!! #URL#]]></document>
    <document><![CDATA[Grammy Ratings' Early Results Steady With 2018 Low; Kobe Bryant Tribute &amp; Big Billie Eilish Wins Rule Show #URL#]]></document>
    <document><![CDATA[Sony Pictures Classics Picks Up Dror Moreh's 'The Human Factor' #URL#]]></document>
    <document><![CDATA[Elaine Welteroth Memoir 'More Than Enough' Is Being Developed For TV #HASHTAG#. #HASHTAG# #URL#]]></document>
    <document><![CDATA[Eddie Murphy’s SNL Return Delivers Ratings Win #URL#]]></document>
    <document><![CDATA[Amazon Stock Surges, Market Cap Tops $1 Trillion #URL#]]></document>
    <document><![CDATA[The GOAT. RIP. Prayers to his family.  #URL#]]></document>
    <document><![CDATA[Jennifer Lopez and Eddie Murphy Grace Vanity Fair Cover]]></document>
    <document><![CDATA[Eddie Murphy reveals why he wasn't fired in big 1980s SNL shakeup]]></document>
    <document><![CDATA[Adam Sandler Re-Ups With Netflix For Four More Movies #URL#]]></document>
    <document><![CDATA[UK Union Bectu Calls For Meeting With BAFTA Chief Amanda Berry To Discuss Diversity Proposal #URL#]]></document>
    <document><![CDATA[Eddie Murphy Honored With The Lifetime Achievement Award #URL#]]></document>
    <document><![CDATA[I wish politicians would create equal opportunities for POC (pay disparity, racial profiling, discrimination...) in… #URL#]]></document>
    <document><![CDATA[Paradigm's Sam Gores Denies Agency In Talks To Be Acquired By CAA, As Agency Shutters Unscripted TV #URL#]]></document>
    <document><![CDATA['Top Gear' Showrunners Reveal How They Avoid Awkward Overlaps With Amazon's 'The Grand Tour' #URL#]]></document>
    <document><![CDATA[Netflix leads all nominees for NAACP Image Awards - Los Angeles Times #URL#]]></document>
    <document><![CDATA[Zero Gravity Bolsters Team With Hire Of Talent Manager Iona Maclean #URL#]]></document>
    <document><![CDATA['Resident Alien': Linda Hamilton, Mandell Maughan To Recur On Syfy Series Based On Dark Horse Comics #URL#]]></document>
    <document><![CDATA[Impeachment TV: Will The Senate Go Dark For Final Deliberations? #URL#]]></document>
    <document><![CDATA[Eddie Murphy, Renee Zellweger, and Jennifer Lopez grace 26th annual 'Vanity Fair' Hollywood Issue - Connect FM]]></document>
    <document><![CDATA['The Lovebirds' Trailer: Issa Rae And Kumail Nanjiani's Murder Mystery Rom-Com #URL# #HASHTAG#]]></document>
    <document><![CDATA[My daughter is in her Sophomore year     #USER# and wishes to follow the path you continue to trailblaze!! No matter… #URL#]]></document>
    <document><![CDATA[Big Sundance Deal: Justin Simien's 'Bad Hair' Near $8 Million + Worldwide Pact With Hulu; Theatrical Rollout Planned #URL#]]></document>
    <document><![CDATA[Sony Investor Third Point Renews Calls For Entertainment To "Stand Alone" #URL#]]></document>
    <document><![CDATA[Eddie Murphy Says Eating Dog Food Saved His SNL Job]]></document>
    <document><![CDATA['The Good Place' Ends On Good Ratings Note; 'Evil' Finale Steady #URL#]]></document>
    <document><![CDATA['Peppa Pig': Amelie Bea Smith To Voice Animated Kids' Character, Takes Over From Harley Bird #URL#]]></document>
    <document><![CDATA[Christian Rivers To Direct 'Into Thin Air', On Disappearance Of Malaysia Airlines Flight 370 #URL#]]></document>
    <document><![CDATA[Hollywood Walk Of Fame Upgrades Floated By City Include More Trees, Dining, Better Lighting #URL#]]></document>
    <document><![CDATA[What?!! Again proving how much this family doesn’t know about history...the world. Also how ensconced they are in W… #URL#]]></document>
    <document><![CDATA[Eddie Murphy's 1988 Oscars Statement Relevant to 2020 #HASHTAG# Nominations #URL#]]></document>
    <document><![CDATA['Severance': Jen Tullock &amp; Zach Cherry To Star In Apple Drama Series #URL#]]></document>
    <document><![CDATA[Margot Robbie To Co-Star Opposite Christian Bale In David O. Russell New Regency Film #URL#]]></document>
    <document><![CDATA[Watch Eddie Murphy Tell the Story About How Literal Dog Food Saved His SNL Career]]></document>
    <document><![CDATA[Bernie Sanders Projected To Win New Hampshire Primary #URL#]]></document>
    <document><![CDATA[Here’s Why J. Lo, Adam Sandler, And Eddie Murphy Were Snubbed At The Oscars: Report]]></document>
    <document><![CDATA[Eddie &amp; Nicole Murphy's Granddaughter Evie Melts Hearts in Her Pink Outfit in Photo with Dad Miles Mitchell #URL#]]></document>
    <document><![CDATA[Charter Earnings Beat: Video Subs Dip But Revenue Rises #URL#]]></document>
    <document><![CDATA[Eddie Murphy Says There Was Just One 'Saturday Night Live' Sketch That Saved His Job #URL#]]></document>
    <document><![CDATA['SEAL Team': Rachel Boston &amp; Tim Chiou To Recur On CBS Drama Series #URL#]]></document>
    <document><![CDATA[I’m not a director but this is one of my all time fav scenes...and films. I’ve seen everything film he’s been in bu… #URL#]]></document>
    <document><![CDATA[Beloved Actor And Comedian Eddie Murphy Covers W Mag - Essence #URL#]]></document>
    <document><![CDATA[Apparently he found his “black” book. All puns intended... #URL#]]></document>
    <document><![CDATA[‘Bad Boys for Life’ Excelled at the Box Office. ‘Dolittle’ Didn’t. - The New York Times #HASHTAG# #URL#]]></document>
    <document><![CDATA[Eddie Murphy Got Bad Comedy Advice From Rodney Dangerfield #URL#]]></document>
    <document><![CDATA[Joel Coen's 'Macbeth' With Denzel Washington &amp; Frances McDormand Readies For Shoot, 'Buster Scruggs' Actor Joins #URL#]]></document>
    <document><![CDATA[HBO Documentary Films Sets Mid-7-Figure Deal On 'Siempre, Luis', Sundance Pic On Lin-Manuel Miranda's Dad #URL#]]></document>
    <document><![CDATA['Knives Out' Tops $300M Worldwide As Moviegoers Keep Flinging Dollars At Rian Johnson Whodunit ⁦⁦ #URL#]]></document>
    <document><![CDATA['Beat Shazam' Renewed For Season 4 By Fox ⁦#USER#⁩  #URL#]]></document>
    <document><![CDATA[Oscar voters pass over big names including Eddie Murphy, JLo - Reuters #URL#]]></document>
    <document><![CDATA["Who knew?" Eddie Murphy shares the worst advice he's ever received]]></document>
    <document><![CDATA[Endemol Shine’s Factual Chief Kim Shillinglaw Exits – Deadline #URL#]]></document>
    <document><![CDATA['The Game' Reboot Not Going Forward At the CW #URL#]]></document>
    <document><![CDATA[Alan Ball's 'Uncle Frank' Acquired By Amazon In $12 Million Worldwide Deal - Sundance #URL#]]></document>
    <document><![CDATA[Quibi Developing Couple Dramedy 'Heartbeats' From 'Everything Sucks' Creators #URL#]]></document>
    <document><![CDATA[George Cheeks Named CEO Of CBS Entertainment As Joe Ianniello Exits #URL#]]></document>
    <document><![CDATA[Eddie Murphy Was Stealing Hubcaps &amp; Close To Getting Fired His 1st Year With "SNL" #URL#]]></document>
    <document><![CDATA[Paget Brewster Joins 'Blood &amp; Treasure'; 'Briarpatch' Casts Sarah Minnich #URL#]]></document>
    <document><![CDATA[Harvey Weinstein Trial: Second Formal Accuser Describes Alleged Sexual Assaults - Update #URL#]]></document>
    <document><![CDATA[Oprah Says Her Exit From Russell Simmons Doc Is 'Not A Victory For Him' #URL# #HASHTAG#]]></document>
    <document><![CDATA[Justin Simien Bad Hair $8 Million+ Deal With Hulu — Sundance – Deadline #URL#]]></document>
    <document><![CDATA[Apple Series 'Foundation' Set To Be Ireland's Largest Ever Production, Employing 500+ People #URL#]]></document>
    <document><![CDATA[#USER# Me too. This gave me all the good feels...beautiful and kind...like their parents.  #HASHTAG#]]></document>
    <document><![CDATA[Bevery Hills Cop Deleted Scene Sees Eddie Murphy Chasing Leads]]></document>
    <document><![CDATA[[WATCH] Eddie Murphy Claims 'SNL' Dog Food Skit Was Reason For Success #URL#]]></document>
    <document><![CDATA[IMO the main reason that people are so willing to accept and turn a blind eye to everything that comes from 45, et… #URL#]]></document>
    <document><![CDATA[Eddie Murphy recalls first, only audition for 'SNL': 'Nobody laughed' #URL#]]></document>
    <document><![CDATA[Box office: Will Smith and 'Bad Boys for Life' are back on top - Los Angeles Times #URL#]]></document>
    <document><![CDATA[Eddie Murphy reveals his first and only audition was for 'SNL' #URL#]]></document>
    <document><![CDATA[RT #USER#: Finally met #USER# at the #USER# nominee luncheon... so proud of him.. please vote for his short #HASHTAG#…]]></document>
    <document><![CDATA[Eddie Murphy Accepts Lifetime Achievement Award at Critics' Choice]]></document>
    <document><![CDATA['Palm Springs' Near $15 Million Deal With Neon &amp; Hulu - Sundance #URL#]]></document>
    <document><![CDATA[James Corden Addresses The 'Carpool Karaoke' Scandal That's Rocking The Internet #URL#]]></document>
    <document><![CDATA['The Assistant' Makes Timely Debut; 'The Traitor', 'Beanpole' Premiere Stateside, 'Ne Zha' Gets Lunar New Year Re-R… #URL#]]></document>
    <document><![CDATA[Boris Johnson To Set In Motion Plan That BBC Says Will Blow A $260M Hole In Its Content Budget #URL#]]></document>
    <document><![CDATA['The View' Co-Host Meghan McCain Confirms Abby Huntsman Feud, Denies Other Show Problems #URL#]]></document>
    <document><![CDATA[Why Eddie Murphy Took a Break from Hollywood]]></document>
    <document><![CDATA['Zola' Twitter Saga Comes To Life In Wild Flick #URL# #HASHTAG#]]></document>
    <document><![CDATA[Byron Allen's Entertainment Studios Acquires 11 Local TV Stations For $305 Million #URL#]]></document>
    <document><![CDATA[Joyce Sevilla Dies: Nightlife And Entertainment Publicist For Major Brands Was 47 #URL#]]></document>
    <document><![CDATA[Eddie Murphy Recalls The One ‘SNL’ Sketch That Saved His Job When Everyone Got Fired]]></document>
    <document><![CDATA['Loki': Owen Wilson Joins Marvel Series On Disney+ #URL#]]></document>
    <document><![CDATA['The Conners' Plays Safe With Politics, Pushes The Vote In Live New Hampshire Primary-Themed Episode #URL#]]></document>
    <document><![CDATA[The Best International Feature Race: 'Parasite', 'Pain And Glory' &amp; Some Surprises #URL#]]></document>
    <document><![CDATA[‘Severance’: Jen Tullock &amp; Zach Cherry To Star In Apple Drama Series – Deadline #URL#]]></document>
    <document><![CDATA[“Nobody Laughed”: Eddie Murphy on His Harrowing First (and Only) Audition]]></document>
    <document><![CDATA[H&amp;M, 'Black Panther' costume designer team up on a clothing line - Los Angeles Times #URL#]]></document>
    <document><![CDATA[Comcast Buys Dublin-Based Blueface To Bolster Fast Growing Cable Biz Unit #URL#]]></document>
    <document><![CDATA['Bad Boys For Life' Making Touchdown Over Super Bowl Weekend With $17M+; 'Gretel &amp; Hansel' &amp; 'Rhythm Section' Fumbl… #URL#]]></document>
    <document><![CDATA['The Crown': Netflix Royal Drama To End With Season Five As Imelda Staunton Confirmed As Final Queen Elizabeth II #URL#]]></document>
    <document><![CDATA[Fox Channels Pulled From Roku In Carriage Flap Before Super Bowl LIV - Update #URL#]]></document>
    <document><![CDATA[Oscar-Nominated 'In The Absence' Takes Haunting Look At Sewol Ferry Disaster #URL#]]></document>
    <document><![CDATA[Artios Awards: 'Once Upon A Time In Hollywood' &amp; 'Jojo Rabbit' Among Casting Society's Film Winners - Full List #URL#]]></document>
    <document><![CDATA[Sundance: Abramorama Acquires PJ Harvey Doc ‘A Dog Called Money’ &amp; More – Deadline #URL#]]></document>
    <document><![CDATA[New Hollywood Podcast: 'Disclosure: Trans Lives On Screen' Director, Subjects Talk Candidly About Trans Representat… #URL#]]></document>
    <document><![CDATA['The Good Place' Walks Through Door To Un-Eternity In Series Finale [SPOILERS] #URL#]]></document>
    <document><![CDATA['The Late Show With Stephen Colbert' Asks: Can I Get A Witness? #URL#]]></document>
    <document><![CDATA[‘Palm Springs’ Near $15 Million Deal With Neon &amp; Hulu At Sundance – Deadline #URL#]]></document>
  </documents>
</author>
