<author lang="en">
  <documents>
    <document><![CDATA[#HASHTAG# #HASHTAG# Mariah Carey Hasn't Missed a Beat Since Her Breakup: How the Star Is Alread... #URL# #HASHTAG#]]></document>
    <document><![CDATA[#HASHTAG# #HASHTAG# Naomi Watts: The actress stops for a green drink while on set for Gypsy in... #URL# #HASHTAG#]]></document>
    <document><![CDATA[#HASHTAG# #HASHTAG# Jessica Simpson and Hubby Eric Johnson Give Us Some Grease Realness for Hal... #URL# #HASHTAG#]]></document>
    <document><![CDATA[#HASHTAG# NFL's Josh Huff -- Arrested for Gun And Weed: Philadelphia Eagles' Josh Huff was arrested... #URL# #HASHTAG#]]></document>
    <document><![CDATA[#HASHTAG# #HASHTAG# Gwen Stefani: Ghoulish Gwen! The actress dresses as an Alice in Wonderland... #URL# #HASHTAG#]]></document>
    <document><![CDATA[#HASHTAG# #HASHTAG# Prince Harry Has Fallen Hard for Girlfriend Meghan Markle as Their Relation... #URL# #HASHTAG#]]></document>
    <document><![CDATA[#HASHTAG# Mariah Carey to Backup Dancer -- Baby, You Can Drive My Cart (PHOTO GALLERY): There's a n... #URL# #HASHTAG#]]></document>
    <document><![CDATA[#HASHTAG# #HASHTAG# Kim Kardashian Briefly Returned to Facebook Last Night: Kim Kardashian didn... #URL# #HASHTAG#]]></document>
    <document><![CDATA[#HASHTAG# Big Sean: Naya Rivera Has Had CRAZY Plastic Surgery!:  Naya Rivera has ma... #URL# #HASHTAG#]]></document>
    <document><![CDATA[#HASHTAG# #HASHTAG# Gwen Stefani Felt "Embarrassed" About Being Divorced, Didn't Want Fans to T... #URL# #HASHTAG#]]></document>
    <document><![CDATA[#HASHTAG# DeAndre Jordan -- Sevyn Streeter Should Diss The 76ers ... No Redo Of National Anthem (VI... #URL# #HASHTAG#]]></document>
    <document><![CDATA[#HASHTAG# Ex-Indians Star Nick Swisher -- 'Good for Baseball If Cubbies Win' (VIDEO): He won't say ... #URL# #HASHTAG#]]></document>
    <document><![CDATA[#HASHTAG# Stars Share Throwback Halloween Pics: Who's Who?!?:  Some celebrities get... #URL# #HASHTAG#]]></document>
    <document><![CDATA[#HASHTAG# #HASHTAG# Serena Williams, Lewish Hamilton &amp; Gabrielle Union: The group gets into th... #URL# #HASHTAG#]]></document>
    <document><![CDATA[#HASHTAG# #HASHTAG# Who Did Taylor Swift Write "Better Man" About? We Investigate the Lyrics fo... #URL# #HASHTAG#]]></document>
    <document><![CDATA[#HASHTAG# Mally Mall's Halloween -- Monkey Tricks and Strip Club Treats (VIDEO + PHOTO GALLERY): No... #URL# #HASHTAG#]]></document>
    <document><![CDATA[#HASHTAG# #HASHTAG# This Is Us' Sterling K. Brown Has a Familiar Warning About Tonight's New Ep... #URL# #HASHTAG#]]></document>
    <document><![CDATA[#HASHTAG# The Real Housewives of Orange County Reunion Trailer: I'm Gonna Kick Some ... #URL# #HASHTAG#]]></document>
    <document><![CDATA[#HASHTAG# Amelia Earhart -- Survived Plane Crash ... Died as a Castaway: Amelia Earhart did NOT die... #URL# #HASHTAG#]]></document>
    <document><![CDATA[#HASHTAG# Amber Rose and Val Chmerkovskiy Couple Up for Halloween:  As previously r... #URL# #HASHTAG#]]></document>
    <document><![CDATA[#HASHTAG# #HASHTAG# Jasmine Tookes: The Victoria's Secret model has a little fun while leaving... #URL# #HASHTAG#]]></document>
    <document><![CDATA[#HASHTAG# Young Thug -- I'm Turnt Up and Free to Lean in Hollywood (VIDEO): Young Thug carried a cu... #URL# #HASHTAG#]]></document>
    <document><![CDATA[#HASHTAG# NY Jets' Brandon Marshall -- I'LL GET TO THE PLAYOFFS! (VIDEO): NY Jets wide receiver Bra... #URL# #HASHTAG#]]></document>
    <document><![CDATA[#HASHTAG# #HASHTAG# Ronda Rousey Is Preparing for Retirement: "I'm Wrapping It Up": Ronda Rouse... #URL# #HASHTAG#]]></document>
    <document><![CDATA[#HASHTAG# Ariana Biermann Shows Off Unnaturally Full Lips for 15-Year-Old Girl:  Ar... #URL# #HASHTAG#]]></document>
    <document><![CDATA[#HASHTAG# #HASHTAG# Ryan Lochte to Focus on Wedding Planning Now That He's Off Dancing With the... #URL# #HASHTAG#]]></document>
    <document><![CDATA[#HASHTAG# Jessa Duggar Offers Pregnancy Update, Prepares For Spurgeon's 1st Birthday... #URL# #HASHTAG#]]></document>
    <document><![CDATA[#HASHTAG# Val Kilmer -- Michael Douglas is Wrong ... I Don't Have Cancer!: Val Kilmer says he's hea... #URL# #HASHTAG#]]></document>
    <document><![CDATA[#HASHTAG# Pilot Jones: Yeah, I Made Out With Blac Chyna!:  Pilot Jones has broken h... #URL# #HASHTAG#]]></document>
    <document><![CDATA[#HASHTAG# #HASHTAG# Danielle Jonas Shares Adorable First Photo of Her Two Daughters Together: I... #URL# #HASHTAG#]]></document>
    <document><![CDATA[#HASHTAG# Mariah Carey -- James Packer Tells Team, 'F*** Off' ... I'm Getting Married!!!: Mariah Ca... #URL# #HASHTAG#]]></document>
    <document><![CDATA[#HASHTAG# #HASHTAG# Brad Garrett Is Engaged to IsaBeall Quella: Everybody loves Raymond, but Br... #URL# #HASHTAG#]]></document>
    <document><![CDATA[#HASHTAG# #HASHTAG# Call It a Comeback: Sharna Burgess Plotting Dancing With the Stars Return A... #URL# #HASHTAG#]]></document>
    <document><![CDATA[#HASHTAG# Heroic Father Enables Daughter to Trick or Treat on Board Airplane:  Good... #URL# #HASHTAG#]]></document>
    <document><![CDATA[#HASHTAG# Rumer Willis and Her Plastic Surgery is Out of CONTROL!:  Rumer Willis sh... #URL# #HASHTAG#]]></document>
    <document><![CDATA[#HASHTAG# #HASHTAG# Jake Gyllenhaal: The Nocturnal Animals actor waves to his fans while headi... #URL# #HASHTAG#]]></document>
    <document><![CDATA[#HASHTAG# Aisha Thalia: Pregnant! Engaged!:  Most folks out there get dressed up fo... #URL# #HASHTAG#]]></document>
    <document><![CDATA[#HASHTAG# #HASHTAG# Keke Palmer and Royalty Brown Dress Up as Selena Quintanilla for Halloween:... #URL# #HASHTAG#]]></document>
    <document><![CDATA[#HASHTAG# 21 Savage -- Drake and Meek Mill Are Both My Homies ... But Only One Bought Me a Ferrari!... #URL# #HASHTAG#]]></document>
    <document><![CDATA[#HASHTAG# Huge Sports Stars -- Blood, Guts and S&amp;M ... Insane Costumes! (PHOTO GALLERY): When you'r... #URL# #HASHTAG#]]></document>
    <document><![CDATA[#HASHTAG# #HASHTAG# Shay Mitchell Releases Emotional Farewell Video to Pretty Little Liars: We'... #URL# #HASHTAG#]]></document>
    <document><![CDATA[#HASHTAG# #HASHTAG# Mariah Carey Is Feeling Ferocious on Halloween, Posts Eerie Video to Prove ... #URL# #HASHTAG#]]></document>
    <document><![CDATA[#HASHTAG# Tyga -- This Just In ... He Paid His Debt!!!: Tyga is sparing GF Kylie Jenner some major ... #URL# #HASHTAG#]]></document>
    <document><![CDATA[#HASHTAG# Pam Anderson -- Issues Sexual Assault Warning Attacks Rideshare App Drivers (VIDEO): Pam ... #URL# #HASHTAG#]]></document>
    <document><![CDATA[#HASHTAG# Ronda Rousey Announces UFC Retirement Plans: I'm Wrapping It Up!:  Ronda ... #URL# #HASHTAG#]]></document>
    <document><![CDATA[#HASHTAG# #HASHTAG# Gabrielle Union: Gorgeous Gabrielle! The actress mixes prints during a day... #URL# #HASHTAG#]]></document>
    <document><![CDATA[#HASHTAG# Larsa Pippen -- 2nd 911 Call ... Help, Scottie's Breaking Stuff! (AUDIO): Larsa Pippen ma... #URL# #HASHTAG#]]></document>
    <document><![CDATA[#HASHTAG# #HASHTAG# Oops! Travis Kelce Accidentally Insults Victoria's Outfit in Awkward Catchi... #URL# #HASHTAG#]]></document>
    <document><![CDATA[#HASHTAG# #HASHTAG# Laurie Hernandez &amp; Val Chmerkovskiy: The Dancing with the Stars duo strike... #URL# #HASHTAG#]]></document>
    <document><![CDATA[#HASHTAG# Taylor Swift &amp; Tom Hiddleston: Back Together?!:  Remember last week, when... #URL# #HASHTAG#]]></document>
    <document><![CDATA[#HASHTAG# Kailyn Lowry: Javi Marroquin Was a BIG Mistake!:  Kailyn Lowry isn't exac... #URL# #HASHTAG#]]></document>
    <document><![CDATA[#HASHTAG# #HASHTAG# Johnny Depp Set to Star in Fantastic Beasts and Where to Find Them Sequel: ... #URL# #HASHTAG#]]></document>
    <document><![CDATA[#HASHTAG# Chad Johnson -- Pizza, Donuts &amp; a Losing Streak ... In Latest FIFA House Crashing (PHOTO ... #URL# #HASHTAG#]]></document>
    <document><![CDATA[#HASHTAG# #HASHTAG# Zachary Quinto &amp; Miles McMillan: Messing around! The cute couple has some ... #URL# #HASHTAG#]]></document>
    <document><![CDATA[#HASHTAG# #HASHTAG# Lindsay Lohan Adopts a Strange Accent in Her Everyday Life and No One Knows... #URL# #HASHTAG#]]></document>
    <document><![CDATA[#HASHTAG# #HASHTAG# Dancing With the Stars' Emma Slater and Sasha Farber Celebrate Their Engage... #URL# #HASHTAG#]]></document>
    <document><![CDATA[#HASHTAG# Younes Bendjima: Dating Kourtney Kardashian!:  Kourtney Kardashian has ap... #URL# #HASHTAG#]]></document>
    <document><![CDATA[#HASHTAG# #HASHTAG# Justin Theroux Meant No Shade With "F--k Brad Pitt" Graffiti: Justin Therou... #URL# #HASHTAG#]]></document>
    <document><![CDATA[#HASHTAG# Scottie Pippen's Wife -- 911 Call ... 'My Husband is Getting Aggressive With Me' (AUDIO):... #URL# #HASHTAG#]]></document>
    <document><![CDATA[#HASHTAG# #HASHTAG# Elsa Pataky: Pony up! The actress puts her best hat forward while attendin... #URL# #HASHTAG#]]></document>
    <document><![CDATA[#HASHTAG# #HASHTAG# Gifted Trailer Is Here: Watch the Movie That Brought Chris Evans and Jenny ... #URL# #HASHTAG#]]></document>
    <document><![CDATA[#HASHTAG# Halloween Celebs -- East Coast vs. West Coast (VIDEO): Not exactly Tupac vs. Biggie, but ... #URL# #HASHTAG#]]></document>
    <document><![CDATA[#HASHTAG# Bill Simmons -- Stick A Fork In The Cubs ... They'll LOSE TONIGHT!! (VIDEO): Close your e... #URL# #HASHTAG#]]></document>
    <document><![CDATA[#HASHTAG# Man Dressed As Freddy Krueger Shoots 5 in San Antonio:  Police say a man ... #URL# #HASHTAG#]]></document>
    <document><![CDATA[#HASHTAG# #HASHTAG# Mariah Carey and Nick Cannon's Divorce Has Been Finalized: While Mariah Car... #URL# #HASHTAG#]]></document>
    <document><![CDATA[#HASHTAG# Chris Brown -- I'm Poppin' on My ATV ... Screw My Neighbors (VIDEO): Chris Brown is a dum... #URL# #HASHTAG#]]></document>
    <document><![CDATA[#HASHTAG# Chris Brown's Daughter -- Selena's Family Beaming After Royalty Homage: Chris Brown's dau... #URL# #HASHTAG#]]></document>
    <document><![CDATA[#HASHTAG# Watch The Flash Online: Check Out Season 3 Episode 5:  The Flash Season 3... #URL# #HASHTAG#]]></document>
    <document><![CDATA[#HASHTAG# #HASHTAG# Alessandra Ambrosio: City chic! The model looks like she's on the runway d... #URL# #HASHTAG#]]></document>
    <document><![CDATA[#HASHTAG# Huma Abedin -- I've Still Got Some Tricks Up My Sleeve (VIDEO): Huma Abedin may be in the... #URL# #HASHTAG#]]></document>
    <document><![CDATA[#HASHTAG# Larsa Pippen Calls Police on Scottie Pippen: Recording of 911 Call Reveale... #URL# #HASHTAG#]]></document>
    <document><![CDATA[#HASHTAG# Jose Fernandez -- Marlins Jersey Will Stay Retired ... Despite Cocaine, Booze Evidence: N... #URL# #HASHTAG#]]></document>
    <document><![CDATA[#HASHTAG# #HASHTAG# November Horoscopes: What to Wear According to the New Moon: Scorpio season... #URL# #HASHTAG#]]></document>
    <document><![CDATA[#HASHTAG# #HASHTAG# Jenny McCarthy &amp; Donnie Wahlberg: Birthday baes! The SiriusXM radio show h... #URL# #HASHTAG#]]></document>
    <document><![CDATA[#HASHTAG# #HASHTAG# A Chicago Fire Wedding? Monica Raymund Dishes on Dawsey's New Commitment: A... #URL# #HASHTAG#]]></document>
    <document><![CDATA[#HASHTAG# TMZ Live: Hillary Clinton: Huma Abedin Resurfaces after E-mail Controversy!: ON TODAY'S S... #URL# #HASHTAG#]]></document>
    <document><![CDATA[#HASHTAG# #HASHTAG# Hailey Baldwin: Miss Baldwin does her best Barbie impersonation during Hal... #URL# #HASHTAG#]]></document>
    <document><![CDATA[#HASHTAG# #HASHTAG# Val Kilmer Says He Doesn't Have Cancer: ''I Love Michael Douglas but He Is ... #URL# #HASHTAG#]]></document>
    <document><![CDATA[#HASHTAG# #HASHTAG# Lady Gaga: Flower power! The songstress arrives at Narita International Ai... #URL# #HASHTAG#]]></document>
    <document><![CDATA[#HASHTAG# #HASHTAG# Paul Rudd: The actor sports a costume during his trick-or-treat fun filled... #URL# #HASHTAG#]]></document>
    <document><![CDATA[#HASHTAG# Celebs in Costumes -- Fright Night ... Full Throttle (PHOTO GALLERY): Halloween costumes,... #URL# #HASHTAG#]]></document>
    <document><![CDATA[#HASHTAG# NBA's Chandler Parsons -- Single &amp; Ready to Mingle ... After Split from Victoria's Secret... #URL# #HASHTAG#]]></document>
    <document><![CDATA[#HASHTAG# #HASHTAG# Inside Mila Kunis' Last Few Weeks of Her Second Pregnancy: Mila Kunis and A... #URL# #HASHTAG#]]></document>
    <document><![CDATA[#HASHTAG# Zayn Malik Claims He Had an Eating Disorder:  Zayn Malik has opened up on... #URL# #HASHTAG#]]></document>
    <document><![CDATA[#HASHTAG# #HASHTAG# Inside Prince Harry's Relationship With Meghan Markle: Watch to Get the Sco... #URL# #HASHTAG#]]></document>
    <document><![CDATA[#HASHTAG# Man Dresses as Insanely Long CVS Receipt, Wins Halloween:  There are few ... #URL# #HASHTAG#]]></document>
    <document><![CDATA[#HASHTAG# Scottie, Larsa Pippen -- Battle Royale Over Fortune &amp; Prenup: Scottie Pippen and wife Lar... #URL# #HASHTAG#]]></document>
    <document><![CDATA[#HASHTAG# Watch This Is Us Online: Check Out Season 1 Episode 6:  This Is Us Season... #URL# #HASHTAG#]]></document>
    <document><![CDATA[#HASHTAG# The Bachelor Premiere Date: Revealed!!:  Nick Viall is ready to kick off ... #URL# #HASHTAG#]]></document>
    <document><![CDATA[#HASHTAG# Farrah Abraham: People Watch Teen Mom Because of My Boobs!:  By now, you'... #URL# #HASHTAG#]]></document>
    <document><![CDATA[#HASHTAG# Joseline Hernandez: Stevie J is My Baby Daddy (But Won't Take a DNA Test)!... #URL# #HASHTAG#]]></document>
    <document><![CDATA[#HASHTAG# #HASHTAG# Ryan McCartan Spends Halloween in the Hospital: ''Life Is Precious But Frag... #URL# #HASHTAG#]]></document>
    <document><![CDATA[#HASHTAG# 'Mr. Robot' Star Portia Doubleday -- That One Time I Was 'Ransomed' (VIDEO): Portia Doubl... #URL# #HASHTAG#]]></document>
    <document><![CDATA[#HASHTAG# Broncos' Halloween Party -- TUPAC LIVES ... And He's Hangin' with Dr. Evil???? (VIDEO): A... #URL# #HASHTAG#]]></document>
    <document><![CDATA[#HASHTAG# Prince Harry and Meghan Markle: Engagement to Come?!?:  Is the world read... #URL# #HASHTAG#]]></document>
    <document><![CDATA[#HASHTAG# Kris Jenner Sexes It Up for Halloween, The Internet Reacts:  Kris Jenner ... #URL# #HASHTAG#]]></document>
    <document><![CDATA[#HASHTAG# Jeremy Calvert Posts Photo of Daughter with MASSIVE Gun, Hears it From Cri... #URL# #HASHTAG#]]></document>
    <document><![CDATA[#HASHTAG# #HASHTAG# Agents of S.H.I.E.L.D. Revealed Ghost Rider's Origins While Leaving Us With... #URL# #HASHTAG#]]></document>
    <document><![CDATA[#HASHTAG# #HASHTAG# Watch Lupita Nyong'o Lip Sync Enrique Iglesias and Gente De Zona's "Bailand... #URL# #HASHTAG#]]></document>
    <document><![CDATA[#HASHTAG# Amy Schumer -- No Joke ... I Got a New $12 Mil Penthouse (VIDEO): Amy Schumer is movin' o... #URL# #HASHTAG#]]></document>
  </documents>
</author>
