<author lang="en">
  <documents>
    <document><![CDATA[RCN America DC: U.S.-Russia Strategic Security Dialogue #URL#]]></document>
    <document><![CDATA[RCN America Tennessee: 1/25/2020 iSpy: Jumping Animals #URL#]]></document>
    <document><![CDATA[RCN America - Maine: February Programs for Job Seekers and Employers at... #URL#]]></document>
    <document><![CDATA[RCN America - Maine: FUTURE LAND USE OPEN HOUSE &amp; WORKSHOP JANUARY 29th... #URL#]]></document>
    <document><![CDATA[RCN America - Maine: Bickford earns 2020 DACF Commissioner's Distinguis... #URL#]]></document>
    <document><![CDATA[RCN America - Maine: New Bedrock and Surficial Geologic Maps Released #URL#]]></document>
    <document><![CDATA[RCN America DC: Secretary Michael R. Pompeo’s Meeting with Brazili... #URL#]]></document>
    <document><![CDATA[RCN America Tennessee: 1/26/2020 The Dirt on Composting #URL#]]></document>
    <document><![CDATA[RCN America - Florida: Musicians Can Apply for Jazz Road Tours Grants of ... #URL#]]></document>
    <document><![CDATA[RCN America - Maine: Portland Fire Department Accepts FEMA  Grant #URL#]]></document>
    <document><![CDATA[RCN America - Maine: February Programs at the Southern Midcoast CareerC... #URL#]]></document>
    <document><![CDATA[RCN America DC: Clean Water Advocates: White House Budget Shows Se... #URL#]]></document>
    <document><![CDATA[RCN America - Maine: February Programs for Job Seekers and Employers at... #URL#]]></document>
    <document><![CDATA[RCN America - Maine: Summering with Vultures at Merryspring #URL#]]></document>
    <document><![CDATA[RCN America DC: Secretary of Commerce Leads U.S. Delegation to Gua... #URL#]]></document>
    <document><![CDATA[RCN America NY: The Rock &amp; Roll Hall of Fame announces 2020 induct... #URL#]]></document>
    <document><![CDATA[RCN America - Maine: Neal Parker Reads for Grown Up Story Hour at the C... #URL#]]></document>
    <document><![CDATA[RCN America - Maine: Absentee Voting Begins in Portland for March 3, 20... #URL#]]></document>
    <document><![CDATA[RCN America Tennessee: 1/25/2020 Oh Rats! A Chinese New Year Celebration #URL#]]></document>
    <document><![CDATA[RCN America - Maine: February 6: Mystery Book Club at Thomaston Public ... #URL#]]></document>
    <document><![CDATA[RCN America Tennessee: Annual Nashville Conference on African-American Hi... #URL#]]></document>
    <document><![CDATA[RCN America - Maine: Biddeford Code Enforcement Issues Building Permits... #URL#]]></document>
    <document><![CDATA[RCN America DC: Special Representative for Iran Brian Hook #URL#]]></document>
    <document><![CDATA[RCN America - Maine: Governor Mills to Deliver State of the State Janua... #URL#]]></document>
    <document><![CDATA[RCN America - Maine: Project Canopy grants available for community fore... #URL#]]></document>
    <document><![CDATA[RCN America - Maine: Midcoast Community Chorus Opens Registration for J... #URL#]]></document>
    <document><![CDATA[RCN America DC: Statement from Homeland Security Acting Secretary ... #URL#]]></document>
    <document><![CDATA[RCN America DC: Acting Assistant Secretary Reeker’s Travel to Lith... #URL#]]></document>
    <document><![CDATA[RCN America NY: Limited series THE UNDOING debuts this May #URL#]]></document>
    <document><![CDATA[RCN America DC: Notice of Meeting: U.S. Advisory Commission on Pub... #URL#]]></document>
    <document><![CDATA[RCN America - Maine: Up to $100K Available for Community Forestry Proje... #URL#]]></document>
    <document><![CDATA[RCN America Tennessee: Mayor John Cooper Creates Performance Management T... #URL#]]></document>
    <document><![CDATA[RCN America DC: Secretary Pompeo’s Visit to Germany, Colombia, Cos... #URL#]]></document>
    <document><![CDATA[RCN America - Maine: Seeking Members for the Task Force on the Climate ... #URL#]]></document>
    <document><![CDATA[RCN America MA: NFL/LISC GRASSROOTS PROGRAM AND NEW ENGLAND PATRIO... #URL#]]></document>
    <document><![CDATA[RCN America Tennessee: 1/25/2020 Annual Nashville Public Library Seed Exc... #URL#]]></document>
    <document><![CDATA[RCN America NY: An immersive event in Martha Graham Technique with... #URL#]]></document>
    <document><![CDATA[RCN America DC: Assistant Secretary Ford’s Travel to Vienna and Br... #URL#]]></document>
    <document><![CDATA[RCN America CA: Carrier Selects AWS as its Preferred Cloud Provide... #URL#]]></document>
    <document><![CDATA[RCN America Tennessee: THE MASTERSONS premiere "Eyes Open Wide" from thei... #URL#]]></document>
    <document><![CDATA[RCN America Tennessee: 1/25/2020 The Dirt on Composting #URL#]]></document>
    <document><![CDATA[RCN America - Maine: The Maine Department of Agriculture, Conservation ... #URL#]]></document>
    <document><![CDATA[RCN America DC: Animal Wellness Applauds House Committee for Upcom... #URL#]]></document>
    <document><![CDATA[RCN America Tennessee: 1/18/2020 District 13 "Coffee with your Councilman... #URL#]]></document>
    <document><![CDATA[RCN America - Maine: Town of Kittery Receives $500,000 Federal Grant fo... #URL#]]></document>
    <document><![CDATA[RCN America - Maine: February Events at the Lewiston CareerCenter #URL#]]></document>
    <document><![CDATA[RCN America - Maine: Citywide Parking Ban Declared TONIGHT, Thursday, J... #URL#]]></document>
    <document><![CDATA[RCN America - Maine: Paul Robeson: The Life and Times of a Great Americ... #URL#]]></document>
    <document><![CDATA[RCN America CA: Amazon Invested $15 Billion and Launched 225 New T... #URL#]]></document>
    <document><![CDATA[RCN America CA: Amazon Announces First-Ever ‘Amazon Future Enginee... #URL#]]></document>
    <document><![CDATA[RCN America Tennessee: Chief Steve Anderson Appointed to Police Executive... #URL#]]></document>
    <document><![CDATA[RCN America - Maine: Rockland Public Library -- Reading Room Concert wi... #URL#]]></document>
    <document><![CDATA[RCN America - Maine: Maine Warden Service, USFWS Seek Information Regar... #URL#]]></document>
    <document><![CDATA[RCN America DC: Technology and the China Security Challenge #URL#]]></document>
    <document><![CDATA[RCN America - Maine: BAR HARBOR'S WINTER BEER FEST #URL#]]></document>
    <document><![CDATA[RCN America - Maine: Case for Improving Diabetes-Related Vision Outcome... #URL#]]></document>
    <document><![CDATA[RCN America NY: NBCUNIVERSAL UNVEILS PEACOCK, A FREE PREMIUM AD-SU... #URL#]]></document>
    <document><![CDATA[RCN America - Maine: 1st Annual Rockland FrostFest Announces Program   ... #URL#]]></document>
    <document><![CDATA[RCN America CA: Silicon Valley Startup Aqaix Joins SWAN to Facilit... #URL#]]></document>
    <document><![CDATA[RCN America - Maine: Application Process Open for Student Position on M... #URL#]]></document>
    <document><![CDATA[RCN America NY: Climate Change: Heading for Extinction (And What t... #URL#]]></document>
    <document><![CDATA[RCN America - Maine: Red Sox announce Portland's 2020 Coaching Staff #URL#]]></document>
    <document><![CDATA[RCN America - Maine: Rockland Public Library- Dino Afternoon #URL#]]></document>
    <document><![CDATA[RCN America - Maine: Manufacturing Augusta: The Cotton Mill Fire and th... #URL#]]></document>
    <document><![CDATA[RCN America DC: ASAM Honors Innovators and Leaders in Addiction Me... #URL#]]></document>
    <document><![CDATA[RCN America DC: The OAS Revival #URL#]]></document>
    <document><![CDATA[RCN America - Maine: February 7: Poetry Reading by Jason Grundstrom-Whi... #URL#]]></document>
    <document><![CDATA[RCN America - Maine: State Library Marks Bicentennial with Family Liter... #URL#]]></document>
    <document><![CDATA[RCN America - Maine: PHS Partners With Lee Auto Service Department for ... #URL#]]></document>
    <document><![CDATA[RCN America - Maine: Public Meeting - Proposed Water Rate Increase #URL#]]></document>
    <document><![CDATA[RCN America - Maine: FurryFriends and Frosty Fun at Winterfest 2020 in ... #URL#]]></document>
    <document><![CDATA[RCN America CA: HULU PRESENTS UPCOMING ORIGINAL SERIES “LITTLE FIR... #URL#]]></document>
    <document><![CDATA[RCN America - Maine: Secretary Dunlap announces results of 2019 Native ... #URL#]]></document>
    <document><![CDATA[RCN America DC: The United States Continues to Support a Peaceful,... #URL#]]></document>
    <document><![CDATA[RCN America Tennessee: Boeing and U.S. Navy Complete First Super Hornet I... #URL#]]></document>
    <document><![CDATA[RCN America CA: Limited series THE UNDOING debuts this May #URL#]]></document>
    <document><![CDATA[RCN America - Maine: Gray Winter Snow Plowing &amp; Parking Ban Issued #URL#]]></document>
    <document><![CDATA[RCN America DC: Fishing &amp; Boating Groups Back Virginia Legislation... #URL#]]></document>
    <document><![CDATA[RCN America NHVT: Bill Weld to attend candidate forum in Nashua on J... #URL#]]></document>
    <document><![CDATA[RCN America - Texas: Doctors’ Group Goes Full Totalitarian #URL#]]></document>
    <document><![CDATA[RCN America DC: Number of guns brought to airport checkpoints in 2... #URL#]]></document>
    <document><![CDATA[RCN America - Maine: Passive House Design 101 at the Camden Public Libr... #URL#]]></document>
    <document><![CDATA[RCN America DC: Presidential Candidates Reveal Plans for Veterans ... #URL#]]></document>
    <document><![CDATA[RCN America Tennessee: ScottMadden Meets Carbon Neutral Goal for 2018 Emi... #URL#]]></document>
    <document><![CDATA[RCN America Tennessee: 1/25/2020 New Year's Pullin' Party #URL#]]></document>
    <document><![CDATA[RCN America CA: Amazon Announces First Iowa Fulfillment Center #URL#]]></document>
    <document><![CDATA[RCN America DC: Secretary Michael R. Pompeo and Colombian Minister... #URL#]]></document>
    <document><![CDATA[RCN America - Maine: Attendees and Exhibitors Sought for Preparedness C... #URL#]]></document>
    <document><![CDATA[RCN America CA: Amazon Expands in Santa Barbara and Announces Plan... #URL#]]></document>
    <document><![CDATA[RCN America - Maine: Legislative Offices Closed #URL#]]></document>
    <document><![CDATA[RCN America - Maine: Rockland Public Library -- Book Discussion Group #URL#]]></document>
    <document><![CDATA[RCN America - Maine: Rockland Main Street hires new executive director #URL#]]></document>
    <document><![CDATA[RCN America - Maine: Lyme cases reported to Maine CDC in 2019 reach rec... #URL#]]></document>
    <document><![CDATA[RCN America CA: #URL# Announces Fourth Quarter Sales up 21% t... #URL#]]></document>
    <document><![CDATA[RCN America DC: DEA releases strategic planning guide to prevent d... #URL#]]></document>
    <document><![CDATA[RCN America - Maine: The Underground Railroad Along the Coast of Maine ... #URL#]]></document>
    <document><![CDATA[RCN America - Maine: Winter Weather Advisories Issued For Most Of Maine... #URL#]]></document>
    <document><![CDATA[RCN America - Maine: January Geologic Fact and Locality #URL#]]></document>
    <document><![CDATA[RCN America - Maine: Voting Set for Bangor Savings Bank Community Matte... #URL#]]></document>
    <document><![CDATA[RCN America - Maine: Legal Maine Cannabis Businesses Need Access to Ban... #URL#]]></document>
  </documents>
</author>
