<author lang="en">
  <documents>
    <document><![CDATA[Trump Shows Up Late To Work More Than 80 Percent Of The Time #URL#]]></document>
    <document><![CDATA[U.S. Park Service voluntarily withdraws permit for key pipeline crossing #URL#]]></document>
    <document><![CDATA[This is a relatively new website under development, where the Virginia Humanities is digitizing some of their archi… #URL#]]></document>
    <document><![CDATA[The top 26 billionaires are as wealthy as 3.8 billion people #URL#]]></document>
    <document><![CDATA[All Coal-Fired Power Plants in Texas Found Leaking Toxins Into Groundwater #URL#]]></document>
    <document><![CDATA[The shabbiest U.S. president ever is an inexpressibly sad specimen #URL#]]></document>
    <document><![CDATA[Anonymous FBI agents air shutdown grievances in association's report #URL#]]></document>
    <document><![CDATA['Senior Trump Official' On Shutdown: 'We Do Not Want Most Employees To Return' #URL#]]></document>
    <document><![CDATA[A look back on two dismal years of the Trump administration #URL#]]></document>
    <document><![CDATA[Racial and Ethnic Differences in Homicides of Adult Women... #URL#]]></document>
    <document><![CDATA[Ancient pre-Columbian artifact discovered in Melbourne Beach #URL#]]></document>
    <document><![CDATA[Breaking sound barriers: China’s earliest known sound recordings #URL#]]></document>
    <document><![CDATA[A new billionaire is minted every 2 days as the poor lose wealth #URL#]]></document>
    <document><![CDATA[ACLU leads coalition urging limits on use of facial recognition #URL#]]></document>
    <document><![CDATA[Lindsey Graham Flew To Turkey On Official Trip After Trump Canceled Pelosi's #URL#]]></document>
    <document><![CDATA[Celebrating a forgotten island folklorist and ‘man of the people’ #URL#]]></document>
    <document><![CDATA[“Even if He Did Do It, It Wouldn’t Be a Crime”: Rudy Giuliani on President Trump #URL#]]></document>
    <document><![CDATA[Dems have pocketed millions from pharma industry #URL#]]></document>
    <document><![CDATA[Next shutdown victim: School lunches #URL#]]></document>
    <document><![CDATA[‘Code Red’: Australia is so hot bats are falling from the trees #URL#]]></document>
    <document><![CDATA[Out-Of-Work Appalachian Coal Miners Train As Beekeepers To Earn Extra Cash #URL#]]></document>
    <document><![CDATA[I did this with Sunday school class. Asked a group of kids what songs they new. They got over 40 songs. #URL#]]></document>
    <document><![CDATA[When Portland Tried to Dictate Favorable News Coverage of Its Protest Crackdowns #URL#]]></document>
    <document><![CDATA[824 manatee 589 sea turtles 127 bottlenose dolphins and probably billions of fish and countless birdlife dead from… #URL#]]></document>
    <document><![CDATA['Black, Brown And White' BIG BILL BROONZY (1951) Blues Guitar Legend #URL#]]></document>
    <document><![CDATA[New bill would allow farmers to sue Monsanto if GMO crops invade their property #URL#]]></document>
    <document><![CDATA[Scott Jennings’ PR Firm Played Big Role In Phillips-Sandmann Spin #URL#]]></document>
    <document><![CDATA['The shutdown cost me everything': Furloughed workers descend on McConnell's office #URL#]]></document>
    <document><![CDATA[Trump's health secretary refuses Democrats' request to testify on separated kids #URL#]]></document>
    <document><![CDATA[Another Voice: State pensions need to divest from fossil fuels #URL#]]></document>
    <document><![CDATA["We freaked out": Discovery at Jamestown sheds light on early English government in North America #URL#]]></document>
    <document><![CDATA[Can the Trump Administration Use Asset Forfeiture Funds to Build the Border Wall? #URL#]]></document>
    <document><![CDATA[Trump Can Throw a Rally or Go On Hannity, But He Can't Address Congress Without an Invite #URL#]]></document>
    <document><![CDATA[John Kerry: Donald Trump Should Resign #URL#]]></document>
    <document><![CDATA[Scientists warn of climate 'time bomb' for world's groundwater #URL#]]></document>
    <document><![CDATA[How to Fund the Government Without Paying for Trump's Border Wall #URL#]]></document>
    <document><![CDATA[Trump reportedly moving ahead with State of the Union next week amid shutdown #URL#]]></document>
    <document><![CDATA[Lady Gaga Takes a Moment Mid-Show to Slam Mother Pence #URL#]]></document>
    <document><![CDATA[Virginia investor tries to curb Dominion's influence #URL#]]></document>
    <document><![CDATA[$11 toothpaste: Immigrants pay big for basics at private ICE lock-ups #URL#]]></document>
    <document><![CDATA[A 'Fundamentally Inhuman' Economy: 26 Billionaires Own as Much as World's 3.8 Billion Poorest People #URL#]]></document>
    <document><![CDATA[Virginia Luque Presentation Video with Leo Brouwer #URL#]]></document>
    <document><![CDATA[Well, it's official. Hospice later this week. I'll  be posting a fundraiser for my album.]]></document>
    <document><![CDATA[The 'Right to Repair' Movement Is Gaining Ground and Could Hit Manufacturers Hard #URL#]]></document>
    <document><![CDATA['Fox &amp; Friends' Apologizes For Airing Graphic That Implied Ruth Bader Ginsburg Died #URL#]]></document>
    <document><![CDATA[Mormon gay conversion therapist now "choosing to pursue life" as homosexual #URL#]]></document>
    <document><![CDATA[Long Island Vietnam Vet Who Gave His Life To Save Platoon To Be Honored With U.S. Postal Service Stamp #URL#]]></document>
    <document><![CDATA[Falling Illegal Immigration Numbers Confirm No Border Crisis #URL#]]></document>
    <document><![CDATA[Neighbor's compressor on. Our house is on a differeny circuit; we have power. The rest of the neighborhood is cold… #URL#]]></document>
    <document><![CDATA[Why Trump lies, and why you should care - The Boston Globe #URL#]]></document>
    <document><![CDATA[The Trump Administration Quietly Changed the Definition of Domestic Violence and We Have No Idea What For #URL#]]></document>
    <document><![CDATA[Israeli police raid Palestinian celebration of 50th anniversary of East Jerusalem hospital #URL#]]></document>
    <document><![CDATA[Japanese Veteran Dies After 6000kg of Porn Collection Fell On Him #URL#]]></document>
    <document><![CDATA[Leave Nigeria now or suffer, police tell homosexuals #URL#]]></document>
    <document><![CDATA[Trump says he told Sarah Sanders 'not to bother' with press briefings #URL#]]></document>
    <document><![CDATA[Halfway Through the Trump Presidency, the Resistance Is Winning #URL#]]></document>
    <document><![CDATA[Costco to be the First Major Retailer to Dump Monsanto's Roundup and Glyphosate Herbicide from its Shelves #URL#]]></document>
    <document><![CDATA[Mueller draft report says Trump "helped Putin destabilize the United States," Watergate journalist says #URL#]]></document>
    <document><![CDATA[Resurrecting the Incredible Flower Crowns of Old Ukrainian Wedding Photos #URL#]]></document>
    <document><![CDATA[Trump’s phony ‘compromise’ has now been unmasked as a total sham #URL#]]></document>
    <document><![CDATA[MAGA Brats Defend Blackface, So That's Where The US Is Today #URL#]]></document>
    <document><![CDATA[Mega-storms the size of England on the rise in North Africa #URL#]]></document>
    <document><![CDATA[Judge Convicts “No More Deaths” Volunteers After They Left Water for Migrants #URL#]]></document>
    <document><![CDATA[27-year-old virgin arrested for threatening to kill 'as many girls as I see': Police #URL#]]></document>
    <document><![CDATA[Sonic Cannons Shatter Famed Aussie Whale Nursery #URL#]]></document>
    <document><![CDATA[The House Oversight Committee Will No Longer Be Run by a Bunch of Old, White Republican Men #URL#]]></document>
    <document><![CDATA[Doug was, for all practical purposes, the social media director of the Virginia Folklore Society, and he had hoped… #URL#]]></document>
    <document><![CDATA[Fox News' Chris Wallace Hammers Pence: You Could Open The Government Tomorrow #URL#]]></document>
    <document><![CDATA[U.S. Student Loan Debt Sets Record, Doubling Since Recession #URL#]]></document>
    <document><![CDATA[Chase Iron Eyes: Trump’s Mocking of Native Americans Gives License to Others to Denigrate My People #URL#]]></document>
    <document><![CDATA[Covington Teen Nick Sandmann’s Statement Crafted By Republican PR Firm Founded By Former Mitch McConnell Aide #URL#]]></document>
    <document><![CDATA[Pro-Palestine group wins UK High Court battle over ‘terrorist’ label #URL#]]></document>
    <document><![CDATA[Brazil new President will open Amazon indigenous reserves to mining and farming #URL#]]></document>
    <document><![CDATA[I'm a Christian. Mike Pence's Hateful Christianity is Offensive to Me. #URL#]]></document>
    <document><![CDATA[Virginia Senator Introduces Bill To Make Cat &amp; Dog Abuse A Felony]]></document>
    <document><![CDATA[A married gay man is running for president. That's a big deal. #URL#]]></document>
    <document><![CDATA[Nasties, John Lennon called them. #URL#]]></document>
    <document><![CDATA[Ann Coulter Demands to Deliver State of the Union Address #URL#]]></document>
    <document><![CDATA[Surprise bi-partisan vote sends bill to raise minimum wage to full Senate - Virginia Mercury #URL#]]></document>
    <document><![CDATA[The White House Busted Photoshopping Trump Pics To Make His Fingers Bigger #URL#]]></document>
    <document><![CDATA[The Vintage Beauty Of Soviet Control Rooms #URL#]]></document>
    <document><![CDATA[Joni Mitchell Skates On Lake Mendota—And Into Music History]]></document>
    <document><![CDATA[Indigenous Peoples March Washington, D.C. #URL#]]></document>
    <document><![CDATA[Trump Spent 2 Minutes At Martin Luther King Jr.'s Memorial, Jokes Abound #URL#]]></document>
    <document><![CDATA[Atlantic Coast Pipeline cost could rise by $1B - Charlotte Business Journal #URL#]]></document>
    <document><![CDATA[Passenger Confronts GOP Congressman Over Flying First Class During Shutdown #URL#]]></document>
    <document><![CDATA[Showdown: Pelosi says House will block Trump's State of the Union until government is open #URL#]]></document>
    <document><![CDATA[Harvard researchers studying world music.  Give it a try.  #URL# #URL#]]></document>
    <document><![CDATA[A collection of Yiddish songs was thought lost forever. Now they've been nominated for a Grammy. - Jewish Telegraph… #URL#]]></document>
    <document><![CDATA[Trump is looking for a new way to cut Medicaid — without Congress #URL#]]></document>
    <document><![CDATA[A Miami community built by refugees sits on higher ground than its neighbors. Now, it’s being gentrified. #URL#]]></document>
    <document><![CDATA[After Citizens United, a Vicious Cycle of Corruption #URL#]]></document>
    <document><![CDATA[Moscow Skyscraper Talks Continued Through ‘the Day I Won,’ Trump Is Said to Acknowledge #URL#]]></document>
    <document><![CDATA[Thousands of Scientists Endorse Study Proclaiming Trump's Border Wall a Disaster for Wildlife]]></document>
    <document><![CDATA[BREAKING: Supreme Court reinstates Trump’s ban on trans servicemembers in the military #URL#]]></document>
    <document><![CDATA[Don't Doubt What You Saw With Your Own Eyes #URL#]]></document>
    <document><![CDATA[Stunning Photos Show 'Super Blood Wolf Moon' All Over the World #URL#]]></document>
    <document><![CDATA[The End Of Plastic Cutlery, Plates And Straws: EU Market Says Goodbye To Single-Use Plastic Products #URL#]]></document>
    <document><![CDATA[Ann Coulter Mocks Trump's Dreamers 'Amnesty,' Calls Him A Jeb #URL#]]></document>
    <document><![CDATA[Kamala Harris Was Not a ‘Progressive Prosecutor’ #URL#]]></document>
  </documents>
</author>
